{"stats":{"minecraft:mined":{"minecraft:spruce_trapdoor":1,"minecraft:cave_vines_plant":11,"minecraft:grass_block":502,"minecraft:light_gray_bed":5,"minecraft:composter":1,"minecraft:iron_ore":28,"minecraft:cobbled_deepslate":4,"minecraft:fire":9,"minecraft:pumpkin":3,"minecraft:fletching_table":6,"minecraft:cave_vines":20,"minecraft:dirt_path":2,"creepingwoods:creeping_birch_log":1,"minecraft:spruce_slab":1,"minecraft:deepslate_redstone_ore":3,"minecraft:clay":22,"minecraft:torch":3,"minecraft:chest":4,"minecraft:cobblestone":67,"minecraft:wall_torch":4,"minecraft:birch_log":1,"minecraft:wheat":9,"minecraft:lilac":2,"minecraft:grass":249,"minecraft:oak_log":1,"minecraft:beetroots":1,"minecraft:loom":2,"minecraft:sand":2,"minecraft:dirt":36,"minecraft:red_mushroom_block":2,"minecraft:oak_leaves":3,"minecraft:deepslate":38,"minecraft:tuff":7,"minecraft:dark_oak_leaves":4,"born_in_chaos_v1:infected_diamond_ore":1,"gravestone:gravestone":31,"minecraft:dark_oak_fence":1,"minecraft:spruce_fence":1,"minecraft:spruce_leaves":2,"minecraft:cartography_table":2,"minecraft:moss_block":2,"minecraft:large_fern":7,"minecraft:furnace":6,"minecraft:carrots":5,"minecraft:andesite":38,"treechop:chopped_log":23,"minecraft:bell":2,"minecraft:bookshelf":12,"minecraft:potatoes":2,"minecraft:deepslate_iron_ore":4,"minecraft:bamboo_sapling":10,"minecraft:bamboo":18,"minecraft:stone":521,"minecraft:white_tulip":1,"minecraft:glass_pane":2,"minecraft:crafting_table":9,"minecraft:lectern":2,"minecraft:stone_slab":2,"minecraft:tall_grass":39,"born_in_chaos_v1:chipped_black_argillite_brick":4,"minecraft:blue_bed":2,"minecraft:purple_bed":3,"minecraft:sweet_berry_bush":5,"minecraft:spruce_log":38,"minecraft:coal_ore":73,"minecraft:gravel":58,"creepingwoods:creeping_oak_log":1,"minecraft:fern":37},"minecraft:killed":{"born_in_chaos_v1:restless_spirit":1,"minecraft:spider":2,"minecraft:chicken":3,"mokey:mokey":1,"minecraft:pig":1,"minecraft:creeper":1,"minecraft:sheep":3,"minecraft:zombie":13,"born_in_chaos_v1:dread_hound":1,"born_in_chaos_v1:corpse_fly":1,"minecraft:cow":13,"weeping_angels:weeping_angel":1,"hordes:zombie_player":7,"born_in_chaos_v1:maggot":3,"minecraft:drowned":5,"born_in_chaos_v1:corpse_fish":3,"born_in_chaos_v1:fallen_chaos_knight":1,"born_in_chaos_v1:baby_skeleton":1,"minecraft:squid":1,"minecraft:villager":1},"minecraft:used":{"minecraft:moss_carpet":1,"minecraft:iron_shovel":519,"minecraft:chest":2,"minecraft:shield":10,"minecraft:stone":1,"minecraft:bell":2,"minecraft:rotten_flesh":5,"minecraft:jungle_planks":1,"minecraft:carrot":28,"minecraft:tuff":7,"minecraft:sweet_berries":1,"minecraft:furnace":8,"minecraft:egg":2,"minecraft:potato":1,"minecraft:stone_pickaxe":657,"minecraft:oak_planks":6,"minecraft:wooden_pickaxe":14,"minecraft:blue_bed":3,"minecraft:glow_berries":9,"minecraft:dark_oak_log":4,"born_in_chaos_v1:monster_flesh":1,"minecraft:bread":2,"minecraft:gravel":2,"minecraft:wooden_sword":5,"minecraft:andesite":38,"minecraft:bone_meal":1,"minecraft:stone_sword":175,"minecraft:tropical_fish":2,"minecraft:armor_stand":1,"minecraft:stone_shovel":84,"minecraft:spruce_planks":1,"minecraft:wooden_shovel":4,"minecraft:torch":13,"minecraft:dirt":547,"minecraft:spruce_fence":1,"minecraft:shroomlight":1,"minecraft:dark_oak_planks":14,"minecraft:wooden_axe":60,"minecraft:iron_axe":222,"minecraft:iron_boots":5,"minecraft:bamboo":297,"minecraft:light_gray_wool":1,"minecraft:cooked_beef":12,"minecraft:cobbled_deepslate":37,"minecraft:pumpkin":1,"minecraft:light_gray_bed":8,"minecraft:iron_leggings":1,"minecraft:cooked_mutton":2,"minecraft:water_bucket":11,"minecraft:baked_potato":1,"minecraft:cartography_table":1,"minecraft:fletching_table":9,"minecraft:crafting_table":13,"minecraft:apple":6,"minecraft:iron_pickaxe":175,"minecraft:spruce_sapling":1,"minecraft:stone_axe":114,"minecraft:cobblestone":211,"minecraft:purple_bed":2,"minecraft:cooked_porkchop":3,"minecraft:bucket":12,"minecraft:smooth_stone":3},"minecraft:dropped":{"minecraft:brown_mushroom":20,"minecraft:baked_potato":3,"minecraft:spore_blossom":2,"minecraft:cooked_porkchop":28,"minecraft:dark_oak_sapling":6,"minecraft:red_mushroom":1,"minecraft:emerald":87,"born_in_chaos_v1:monster_flesh":1,"minecraft:dirt":2,"gravestone:obituary":39,"minecraft:wooden_sword":1,"minecraft:iron_pickaxe":4,"minecraft:white_wool":1,"minecraft:blue_bed":1,"minecraft:bone":1,"minecraft:gravel":150,"minecraft:stone_axe":2,"minecraft:cobbled_deepslate":4,"minecraft:beetroot":1,"minecraft:rotten_flesh":17,"born_in_chaos_v1:chipped_black_argillite_brick":1,"minecraft:beetroot_seeds":4,"born_in_chaos_v1:corpse_maggot":1,"minecraft:spruce_slab":1,"minecraft:iron_ingot":28,"minecraft:wheat_seeds":2,"minecraft:iron_helmet":1,"minecraft:cobblestone":198,"minecraft:spruce_stairs":1,"minecraft:ink_sac":1,"minecraft:wooden_axe":2,"minecraft:iron_leggings":1,"minecraft:iron_axe":4,"minecraft:furnace":2,"minecraft:sweet_berries":4,"minecraft:bowl":8,"minecraft:iron_boots":8,"sophisticatedbackpacks:backpack":1,"minecraft:blast_furnace":2,"minecraft:shield":1,"minecraft:iron_chestplate":1,"minecraft:wooden_shovel":2,"minecraft:bamboo":41,"minecraft:spruce_log":96,"minecraft:stone_pickaxe":1,"minecraft:wooden_pickaxe":2},"minecraft:custom":{"minecraft:interact_with_crafting_table":70,"minecraft:open_barrel":6,"minecraft:bell_ring":183,"minecraft:leave_game":8,"minecraft:time_since_death":15194,"minecraft:sprint_one_cm":737768,"minecraft:damage_blocked_by_shield":900,"minecraft:drop":124,"minecraft:talked_to_villager":98,"minecraft:play_time":285292,"minecraft:deaths":52,"minecraft:jump":5175,"minecraft:interact_with_brewingstand":1,"minecraft:walk_on_water_one_cm":29404,"minecraft:interact_with_furnace":121,"minecraft:traded_with_villager":193,"minecraft:interact_with_cartography_table":2,"minecraft:interact_with_loom":1,"minecraft:sleep_in_bed":13,"minecraft:damage_dealt":16329,"minecraft:player_kills":18,"minecraft:crouch_one_cm":74211,"minecraft:mob_kills":73,"minecraft:climb_one_cm":3695,"minecraft:walk_one_cm":579088,"minecraft:sneak_time":23548,"minecraft:walk_under_water_one_cm":4533,"minecraft:total_world_time":285292,"minecraft:time_since_rest":15225,"minecraft:damage_taken":15517,"minecraft:swim_one_cm":27368,"minecraft:fly_one_cm":1177891,"minecraft:open_chest":206,"minecraft:fall_one_cm":105384},"minecraft:killed_by":{"minecraft:zombie_villager":1,"minecraft:creeper":3,"minecraft:drowned":1,"midnightlurker:void_hands":1,"the_one_who_watches:toww_running":1,"minecraft:zombie":10,"thestarvedstalker:the_starved_stalker_aggro":6,"minecraft:player":10,"minecraft:spider":1,"whisperwoods:zotzpyre":5,"hordes:zombie_player":1,"born_in_chaos_v1:decaying_zombie":1,"minecraft:skeleton":4,"kevin_trophy:blister_zombie":2,"born_in_chaos_v1:door_knight":2,"born_in_chaos_v1:dread_hound":1,"midnightlurker:midnight_lurker_unprovoked":2},"minecraft:broken":{"minecraft:iron_shovel":2,"minecraft:stone_pickaxe":4,"minecraft:wooden_axe":1,"minecraft:stone_shovel":1,"minecraft:stone_sword":1},"minecraft:crafted":{"minecraft:oak_planks":40,"minecraft:cooked_mutton":2,"minecraft:diamond_helmet":1,"minecraft:diamond_leggings":1,"minecraft:iron_boots":9,"minecraft:wooden_shovel":1,"minecraft:emerald":182,"minecraft:cooked_porkchop":9,"minecraft:crafting_table":8,"minecraft:spruce_planks":784,"minecraft:wooden_pickaxe":5,"minecraft:baked_potato":6,"minecraft:iron_helmet":2,"minecraft:fletching_table":3,"minecraft:iron_chestplate":2,"minecraft:shield":2,"minecraft:stick":5753,"minecraft:iron_ingot":92,"minecraft:iron_pickaxe":3,"minecraft:stone_sword":1,"minecraft:wooden_sword":2,"minecraft:stone_shovel":1,"minecraft:furnace":4,"minecraft:iron_axe":2,"minecraft:stone_pickaxe":7,"minecraft:diamond_boots":1,"minecraft:dark_oak_planks":476,"minecraft:cooked_beef":12,"minecraft:bowl":4,"minecraft:bucket":1,"minecraft:stone_axe":2,"minecraft:air":0,"minecraft:jungle_planks":1576,"minecraft:wooden_axe":6,"minecraft:iron_shovel":2,"minecraft:iron_leggings":1,"minecraft:torch":4,"minecraft:diamond_chestplate":1},"minecraft:picked_up":{"minecraft:wooden_axe":3,"minecraft:wheat":18,"minecraft:stone_slab":3,"minecraft:string":6,"minecraft:iron_leggings":3,"minecraft:armor_stand":2,"minecraft:shroomlight":1,"minecraft:beetroot":1,"minecraft:cobbled_deepslate":41,"minecraft:smooth_stone":2,"minecraft:spruce_planks":66,"minecraft:wooden_shovel":2,"minecraft:iron_pickaxe":4,"farmersdelight:cabbage_seeds":4,"minecraft:furnace":8,"minecraft:iron_boots":15,"minecraft:stick":149,"minecraft:torch":9,"minecraft:spruce_stairs":1,"minecraft:porkchop":2,"minecraft:stone_sword":2,"minecraft:rotten_flesh":38,"minecraft:light_gray_bed":8,"minecraft:tropical_fish":3,"minecraft:cobblestone":769,"minecraft:birch_log":6,"minecraft:feather":6,"minecraft:lilac":3,"minecraft:andesite":38,"minecraft:jungle_log":268,"minecraft:potato":7,"minecraft:flint":6,"minecraft:tuff":7,"born_in_chaos_v1:black_argillite_button":1,"minecraft:dirt":574,"born_in_chaos_v1:monster_skin":3,"minecraft:bone":5,"minecraft:wheat_seeds":95,"minecraft:bell":2,"minecraft:fletching_table":6,"minecraft:bamboo":631,"minecraft:moss_block":4,"minecraft:cooked_porkchop":9,"minecraft:jungle_planks":1,"minecraft:sand":4,"minecraft:ink_sac":1,"minecraft:loom":2,"minecraft:dark_oak_log":106,"minecraft:bone_meal":2,"minecraft:oak_sapling":3,"born_in_chaos_v1:rotten_fish":1,"minecraft:crafting_table":12,"minecraft:chicken":6,"minecraft:clay_ball":160,"born_in_chaos_v1:seedof_chaos":1,"minecraft:brown_mushroom":136,"minecraft:wooden_pickaxe":5,"gravestone:obituary":17,"minecraft:shield":2,"minecraft:moss_carpet":1,"minecraft:iron_axe":2,"minecraft:cartography_table":1,"minecraft:beef":28,"minecraft:jungle_sapling":14,"minecraft:spruce_slab":1,"minecraft:light_gray_wool":1,"minecraft:lectern":4,"minecraft:chest":4,"minecraft:birch_sapling":6,"minecraft:egg":2,"minecraft:dark_oak_sapling":73,"minecraft:raw_iron":112,"minecraft:stone":1,"minecraft:copper_ingot":6,"minecraft:bowl":4,"sophisticatedbackpacks:backpack":1,"minecraft:spruce_fence":1,"born_in_chaos_v1:pieceofdarkmetal":5,"minecraft:carrot":27,"minecraft:redstone":11,"minecraft:dark_oak_planks":1,"minecraft:stone_shovel":4,"minecraft:arrow":2,"minecraft:beetroot_seeds":2,"minecraft:mutton":5,"minecraft:glow_berries":6,"minecraft:white_wool":2,"born_in_chaos_v1:corpse_maggot":4,"born_in_chaos_v1:monster_flesh":2,"minecraft:glow_ink_sac":2,"minecraft:salmon":1,"minecraft:leather":30,"minecraft:red_mushroom":13,"minecraft:mushroom_stew":28,"minecraft:oak_log":10,"minecraft:gunpowder":7,"minecraft:blue_bed":4,"minecraft:cooked_mutton":2,"minecraft:apple":5,"minecraft:spore_blossom":2,"minecraft:iron_ingot":6,"minecraft:stone_pickaxe":4,"born_in_chaos_v1:chipped_black_argillite_brick":5,"minecraft:book":72,"minecraft:pumpkin":1,"minecraft:sweet_berries":13,"born_in_chaos_v1:ethereal_spirit":2,"minecraft:gravel":161,"minecraft:spruce_sapling":42,"minecraft:blast_furnace":1,"minecraft:spruce_log":257,"minecraft:spider_eye":4,"minecraft:purple_bed":3,"minecraft:stone_axe":2,"minecraft:baked_potato":2,"minecraft:dark_oak_wood":14,"minecraft:stripped_dark_oak_log":3,"minecraft:coal":106}},"DataVersion":3120}