{"stats":{"minecraft:killed_by":{"minecraft:zombie":1},"minecraft:picked_up":{"minecraft:crafting_table":2,"minecraft:iron_chestplate":7,"mmorpg:currency/orb_of_quality":1,"chococraft:loverly_gysahl_green":5,"minecraft:ladder":2,"mmorpg:gems/sapphire/0":1,"mmorpg:jewelry/ring/iron":7,"alexsmobs:froststalker_horn":2,"minecraft:shield":2,"minecraft:cornflower":1,"minecraft:string":26,"minecraft:moss_carpet":7,"minecraft:iron_axe":1,"minecraft:iron_leggings":12,"minecraft:gold_nugget":64,"minecraft:cobbled_deepslate":21,"minecraft:bucket":1,"mmorpg:gems/tourmaline/0":1,"minecraft:spruce_planks":34,"minecraft:beef":47,"minecraft:poppy":2,"minecraft:iron_pickaxe":1,"minecraft:furnace":2,"minecraft:melon_slice":3,"mmorpg:offhand/tome/iron":2,"minecraft:iron_boots":2,"mmorpg:runes/dos":2,"mmorpg:skill_gems/support/dex":2,"minecraft:stick":31,"minecraft:raw_iron":1,"minecraft:stone":1,"minecraft:big_dripleaf":2,"minecraft:torch":2,"minecraft:porkchop":50,"mmorpg:currency/affix_tier_up_down":2,"minecraft:pointed_dripstone":7,"mmorpg:skill_gems/support/int":3,"mmorpg:jewel/str":2,"minecraft:prismarine_crystals":1,"minecraft:dark_oak_planks":32,"minecraft:arrow":46,"minecraft:rotten_flesh":57,"minecraft:diamond_chestplate":2,"mmorpg:currency/affix_common_reroll":2,"minecraft:hay_block":10,"sophisticatedbackpacks:copper_backpack":2,"chococraft:chocobo_drumstick_raw":2,"minecraft:glow_berries":2,"minecraft:mutton":2,"minecraft:white_wool":28,"minecraft:cobblestone":30,"minecraft:birch_log":16,"minecraft:feather":3,"minecraft:glow_ink_sac":1,"minecraft:leather":2,"minecraft:dark_oak_boat":5,"mmorpg:gems/azurite/0":1,"minecraft:birch_planks":16,"doggytalents:rice_grains":75,"alexsmobs:bison_fur":3,"minecraft:tuff":9,"minecraft:oak_log":27,"minecraft:gunpowder":66,"minecraft:map":1,"minecraft:dirt":517,"minecraft:blue_bed":1,"minecraft:white_banner":1,"mmorpg:currency/jewel_corrupt":1,"minecraft:bone":82,"chococraft:gysahl_green":147,"minecraft:apple":2,"minecraft:bow":7,"minecraft:wheat_seeds":76,"minecraft:oak_planks":19,"minecraft:moss_block":1,"minecraft:iron_sword":10,"minecraft:flowering_azalea":1,"minecraft:dark_oak_stairs":2,"mmorpg:skill_gems/support/str":1,"minecraft:cooked_porkchop":9,"minecraft:dandelion":11,"minecraft:stripped_spruce_log":1,"chococraft:gysahl_green_seeds":11,"sophisticatedbackpacks:iron_backpack":2,"minecraft:white_bed":1,"mmorpg:weapon/staff/wood":23,"minecraft:spruce_log":11,"minecraft:spruce_door":1,"minecraft:spider_eye":9,"mmorpg:gems/garnet/0":3,"minecraft:diamond":22,"mmorpg:gems/ruby/0":2,"minecraft:iron_helmet":4,"minecraft:crossbow":4,"alexsmobs:moose_ribs":1,"minecraft:emerald":5,"minecraft:oak_sapling":17,"mmorpg:offhand/dodge/iron":2,"minecraft:ender_pearl":1},"minecraft:killed":{"minecraft:spider":33,"minecraft:vindicator":6,"alexsmobs:snow_leopard":1,"alexsmobs:seagull":2,"alexsmobs:froststalker":2,"creeperoverhaul:dripstone_creeper":5,"creeperoverhaul:snowy_creeper":14,"minecraft:skeleton":44,"minecraft:guardian":1,"mmorpg:zombie":10,"aquaculture:perch":2,"minecraft:drowned":2,"creeperoverhaul:cave_creeper":1,"minecraft:tropical_fish":1,"minecraft:parrot":1,"minecraft:pig":13,"minecraft:zombie_villager":2,"minecraft:bat":1,"minecraft:creeper":14,"minecraft:sheep":6,"minecraft:pillager":20,"minecraft:zombie":58,"minecraft:stray":3,"minecraft:cow":9,"minecraft:enderman":1,"chococraft:chocobo":1},"minecraft:mined":{"minecraft:tuff":3,"minecraft:spruce_planks":3,"minecraft:white_bed":1,"minecraft:deepslate_diamond_ore":13,"minecraft:grass_block":469,"minecraft:birch_slab":1,"minecraft:spruce_leaves":1,"minecraft:oxeye_daisy":1,"minecraft:spawner":7,"minecraft:hay_block":10,"minecraft:furnace":2,"minecraft:fire":1,"minecraft:stripped_spruce_log":1,"minecraft:moss_carpet":1,"minecraft:dirt_path":19,"chococraft:gysahl_green":29,"minecraft:cave_vines":1,"minecraft:deepslate_iron_ore":1,"minecraft:pink_tulip":1,"minecraft:stone":28,"minecraft:white_wool":2,"minecraft:glass_pane":2,"minecraft:crafting_table":2,"minecraft:melon":1,"minecraft:tall_grass":37,"minecraft:cobblestone":1,"minecraft:oak_planks":19,"minecraft:wall_torch":1,"minecraft:birch_log":16,"minecraft:spruce_log":11,"minecraft:grass":151,"minecraft:oak_log":25,"minecraft:dirt":14,"minecraft:cobweb":5,"minecraft:oak_leaves":19,"minecraft:deepslate":5},"minecraft:crafted":{"minecraft:oak_planks":6,"minecraft:furnace":3,"minecraft:iron_axe":2,"minecraft:chest":4,"minecraft:dark_oak_planks":7,"sophisticatedbackpacks:iron_backpack":1,"minecraft:cooked_porkchop":23,"minecraft:crafting_table":7,"minecraft:spruce_planks":13,"minecraft:iron_sword":1,"minecraft:birch_planks":16,"minecraft:air":178,"minecraft:stick":1,"minecraft:iron_pickaxe":2,"minecraft:iron_shovel":3},"minecraft:used":{"minecraft:moss_carpet":1,"minecraft:iron_shovel":530,"minecraft:ladder":2,"minecraft:chest":3,"minecraft:spruce_planks":14,"minecraft:iron_sword":75,"minecraft:iron_chestplate":4,"minecraft:dirt":166,"minecraft:mutton":1,"minecraft:salmon_bucket":1,"minecraft:dark_oak_planks":4,"minecraft:iron_axe":125,"minecraft:iron_helmet":1,"minecraft:dark_oak_boat":4,"minecraft:furnace":4,"minecraft:cobbled_deepslate":8,"minecraft:water_bucket":49,"minecraft:birch_planks":43,"minecraft:oak_planks":19,"minecraft:white_wool":25,"minecraft:crafting_table":8,"minecraft:white_bed":1,"minecraft:spruce_log":1,"minecraft:bread":3,"minecraft:melon_slice":3,"minecraft:iron_pickaxe":63,"minecraft:map":1,"mmorpg:weapon/staff/wood":281,"minecraft:cobblestone":2,"minecraft:porkchop":6,"minecraft:cooked_porkchop":9,"minecraft:bucket":50,"chococraft:gysahl_green":29},"minecraft:dropped":{"minecraft:bread":1,"minecraft:stripped_spruce_log":1,"minecraft:iron_sword":3,"minecraft:birch_planks":1,"minecraft:moss_block":1,"minecraft:porkchop":10,"minecraft:wheat_seeds":59,"minecraft:glow_ink_sac":1,"mmorpg:skill_gems/support/dex":1,"minecraft:cooked_porkchop":10,"minecraft:crossbow":2,"minecraft:iron_helmet":1,"minecraft:cobblestone":4,"chococraft:gysahl_green_seeds":11,"mmorpg:skill_gems/support/int":1,"minecraft:flint":4,"mmorpg:weapon/staff/wood":2,"minecraft:stick":2,"minecraft:dirt":7,"minecraft:cornflower":1,"chococraft:chocobo_drumstick_raw":1,"minecraft:iron_leggings":3,"minecraft:gold_nugget":57,"minecraft:white_banner":1,"minecraft:iron_axe":1,"minecraft:iron_pickaxe":1,"minecraft:iron_shovel":1,"minecraft:dark_oak_planks":23,"minecraft:white_wool":2,"minecraft:dandelion":5,"minecraft:bone":3,"minecraft:moss_carpet":5,"minecraft:cobbled_deepslate":12,"minecraft:bowl":1,"mmorpg:gems/sapphire/0":1,"minecraft:tuff":3,"minecraft:pointed_dripstone":3,"minecraft:rotten_flesh":10,"mmorpg:jewelry/necklace/iron":1,"minecraft:chainmail_chestplate":1,"minecraft:filled_map":1,"minecraft:poppy":2,"minecraft:stone":1,"mmorpg:gems/ruby/0":2,"minecraft:gunpowder":54,"minecraft:spruce_planks":22,"mmorpg:offhand/tome/iron":1,"minecraft:iron_chestplate":2,"mmorpg:gems/garnet/0":3,"minecraft:spider_eye":8,"doggytalents:rice_grains":63,"sophisticatedbackpacks:copper_backpack":1,"minecraft:arrow":7,"minecraft:bow":4},"minecraft:broken":{"minecraft:iron_shovel":1,"minecraft:iron_boots":1,"minecraft:iron_leggings":1,"minecraft:iron_helmet":1},"minecraft:custom":{"minecraft:blood":0,"minecraft:mob_kills":265,"minecraft:dexterity":15,"minecraft:interact_with_crafting_table":25,"minecraft:open_barrel":81,"minecraft:damage_dealt_resisted":0,"minecraft:leave_game":3,"minecraft:time_since_death":71638,"minecraft:mana":602,"minecraft:climb_one_cm":3337,"minecraft:damage_resisted":0,"minecraft:magic_shield":10,"minecraft:sprint_one_cm":522701,"minecraft:walk_one_cm":346877,"minecraft:drop":92,"minecraft:health":390,"minecraft:damage_dealt_absorbed":200,"minecraft:talked_to_villager":1,"minecraft:play_time":165359,"minecraft:sneak_time":5624,"minecraft:deaths":1,"minecraft:walk_under_water_one_cm":29755,"minecraft:boat_one_cm":305715,"minecraft:energy":300,"minecraft:jump":3762,"minecraft:interact_with_blast_furnace":2,"minecraft:walk_on_water_one_cm":62464,"minecraft:total_world_time":165359,"minecraft:interact_with_furnace":17,"minecraft:intelligence":38,"minecraft:move_speed":0,"minecraft:raid_trigger":1,"minecraft:sleep_in_bed":6,"minecraft:levels_gained":11,"minecraft:time_since_rest":1620,"minecraft:damage_taken":11069,"minecraft:damage_absorbed":8712,"minecraft:damage_dealt":11803,"minecraft:swim_one_cm":40436,"minecraft:fly_one_cm":742335,"minecraft:open_chest":57,"minecraft:crouch_one_cm":26147,"minecraft:strength":41,"minecraft:fall_one_cm":92581}},"DataVersion":3465}