{"stats":{"minecraft:killed_by":{"minecraft:zombie":1},"minecraft:picked_up":{"minecraft:crafting_table":1,"minecraft:iron_chestplate":6,"mmorpg:currency/orb_of_quality":1,"chococraft:loverly_gysahl_green":5,"mmorpg:gems/sapphire/0":1,"mmorpg:jewelry/ring/iron":6,"alexsmobs:froststalker_horn":2,"minecraft:shield":2,"minecraft:string":26,"minecraft:moss_carpet":7,"minecraft:iron_axe":1,"minecraft:iron_leggings":12,"minecraft:gold_nugget":64,"minecraft:cobbled_deepslate":21,"minecraft:bucket":1,"mmorpg:gems/tourmaline/0":1,"minecraft:spruce_planks":33,"minecraft:beef":42,"minecraft:iron_pickaxe":1,"minecraft:furnace":2,"minecraft:melon_slice":3,"mmorpg:offhand/tome/iron":2,"minecraft:iron_boots":1,"mmorpg:runes/dos":2,"mmorpg:skill_gems/support/dex":1,"minecraft:stick":6,"minecraft:stone":1,"minecraft:big_dripleaf":2,"minecraft:porkchop":39,"mmorpg:currency/affix_tier_up_down":2,"minecraft:pointed_dripstone":7,"mmorpg:skill_gems/support/int":1,"mmorpg:jewel/str":2,"minecraft:arrow":44,"minecraft:rotten_flesh":46,"minecraft:diamond_chestplate":2,"mmorpg:currency/affix_common_reroll":1,"minecraft:hay_block":5,"sophisticatedbackpacks:copper_backpack":2,"chococraft:chocobo_drumstick_raw":2,"minecraft:glow_berries":2,"minecraft:mutton":1,"minecraft:white_wool":27,"minecraft:cobblestone":6,"minecraft:birch_log":16,"doggytalents:rice_grains":4,"alexsmobs:bison_fur":3,"minecraft:tuff":9,"minecraft:gunpowder":64,"minecraft:map":1,"minecraft:dirt":13,"minecraft:blue_bed":1,"minecraft:white_banner":1,"mmorpg:currency/jewel_corrupt":1,"minecraft:bone":46,"chococraft:gysahl_green":147,"minecraft:bow":7,"minecraft:wheat_seeds":1,"minecraft:moss_block":1,"minecraft:iron_sword":10,"minecraft:flowering_azalea":1,"mmorpg:skill_gems/support/str":1,"minecraft:cooked_porkchop":9,"minecraft:stripped_spruce_log":1,"chococraft:gysahl_green_seeds":11,"sophisticatedbackpacks:iron_backpack":2,"mmorpg:weapon/staff/wood":23,"minecraft:spruce_log":11,"minecraft:spider_eye":9,"mmorpg:gems/garnet/0":3,"minecraft:diamond":22,"mmorpg:gems/ruby/0":2,"minecraft:iron_helmet":4,"minecraft:crossbow":4,"alexsmobs:moose_ribs":1,"minecraft:emerald":5,"mmorpg:offhand/dodge/iron":2,"minecraft:ender_pearl":1},"minecraft:killed":{"minecraft:spider":29,"minecraft:vindicator":6,"alexsmobs:snow_leopard":1,"alexsmobs:froststalker":2,"creeperoverhaul:dripstone_creeper":5,"creeperoverhaul:snowy_creeper":14,"minecraft:skeleton":42,"mmorpg:zombie":8,"creeperoverhaul:cave_creeper":1,"minecraft:pig":9,"minecraft:zombie_villager":2,"minecraft:bat":1,"minecraft:creeper":9,"minecraft:sheep":5,"minecraft:pillager":20,"minecraft:zombie":47,"minecraft:stray":3,"minecraft:enderman":1,"minecraft:cow":7,"chococraft:chocobo":1},"minecraft:mined":{"minecraft:tuff":3,"minecraft:spruce_planks":3,"minecraft:deepslate_diamond_ore":13,"minecraft:grass_block":1,"minecraft:spruce_leaves":1,"minecraft:spawner":1,"minecraft:hay_block":5,"minecraft:furnace":2,"minecraft:fire":1,"minecraft:stripped_spruce_log":1,"minecraft:moss_carpet":1,"chococraft:gysahl_green":29,"minecraft:cave_vines":1,"minecraft:pink_tulip":1,"minecraft:stone":3,"minecraft:white_wool":2,"minecraft:glass_pane":2,"minecraft:crafting_table":1,"minecraft:melon":1,"minecraft:tall_grass":4,"minecraft:cobblestone":1,"minecraft:birch_log":16,"minecraft:spruce_log":11,"minecraft:grass":11,"minecraft:dirt":2,"minecraft:cobweb":5,"minecraft:deepslate":4},"minecraft:crafted":{"minecraft:iron_axe":1,"minecraft:dark_oak_planks":2,"sophisticatedbackpacks:iron_backpack":1,"minecraft:cooked_porkchop":23,"minecraft:crafting_table":4,"minecraft:spruce_planks":13,"minecraft:iron_sword":1,"minecraft:birch_planks":16,"minecraft:air":121,"minecraft:stick":1,"minecraft:iron_pickaxe":2},"minecraft:used":{"minecraft:moss_carpet":1,"minecraft:spruce_planks":13,"minecraft:iron_sword":58,"minecraft:iron_chestplate":4,"minecraft:dirt":7,"minecraft:mutton":1,"minecraft:salmon_bucket":1,"minecraft:dark_oak_planks":4,"minecraft:iron_axe":42,"minecraft:iron_helmet":1,"minecraft:furnace":1,"minecraft:cobbled_deepslate":3,"minecraft:water_bucket":6,"minecraft:birch_planks":41,"minecraft:white_wool":25,"minecraft:crafting_table":4,"minecraft:spruce_log":1,"minecraft:bread":1,"minecraft:melon_slice":3,"minecraft:iron_pickaxe":30,"minecraft:map":1,"mmorpg:weapon/staff/wood":266,"minecraft:cobblestone":2,"minecraft:porkchop":6,"minecraft:cooked_porkchop":5,"minecraft:bucket":7,"chococraft:gysahl_green":29},"minecraft:dropped":{"minecraft:bread":1,"minecraft:stripped_spruce_log":1,"minecraft:iron_sword":3,"minecraft:porkchop":10,"minecraft:wheat_seeds":1,"minecraft:cooked_porkchop":10,"minecraft:crossbow":2,"minecraft:iron_helmet":1,"minecraft:cobblestone":4,"chococraft:gysahl_green_seeds":11,"minecraft:flint":4,"mmorpg:weapon/staff/wood":2,"minecraft:stick":2,"minecraft:dirt":6,"chococraft:chocobo_drumstick_raw":1,"minecraft:iron_leggings":3,"minecraft:gold_nugget":57,"minecraft:white_banner":1,"minecraft:iron_pickaxe":1,"minecraft:white_wool":2,"minecraft:bone":3,"minecraft:moss_carpet":4,"minecraft:cobbled_deepslate":1,"minecraft:bowl":1,"mmorpg:gems/sapphire/0":1,"minecraft:tuff":3,"minecraft:pointed_dripstone":3,"minecraft:rotten_flesh":10,"mmorpg:jewelry/necklace/iron":1,"minecraft:chainmail_chestplate":1,"minecraft:filled_map":1,"minecraft:stone":1,"mmorpg:gems/ruby/0":2,"minecraft:gunpowder":54,"minecraft:spruce_planks":22,"mmorpg:offhand/tome/iron":1,"minecraft:iron_chestplate":1,"mmorpg:gems/garnet/0":3,"minecraft:spider_eye":5,"doggytalents:rice_grains":1,"sophisticatedbackpacks:copper_backpack":1,"minecraft:arrow":7,"minecraft:bow":4},"minecraft:broken":{"minecraft:iron_boots":1,"minecraft:iron_helmet":1},"minecraft:custom":{"minecraft:blood":0,"minecraft:mob_kills":224,"minecraft:dexterity":10,"minecraft:interact_with_crafting_table":10,"minecraft:open_barrel":26,"minecraft:damage_dealt_resisted":0,"minecraft:leave_game":2,"minecraft:time_since_death":11758,"minecraft:mana":521,"minecraft:climb_one_cm":1422,"minecraft:damage_resisted":0,"minecraft:magic_shield":11,"minecraft:sprint_one_cm":376160,"minecraft:walk_one_cm":250560,"minecraft:drop":70,"minecraft:health":275,"minecraft:damage_dealt_absorbed":200,"minecraft:talked_to_villager":1,"minecraft:play_time":105479,"minecraft:deaths":1,"minecraft:sneak_time":1509,"minecraft:walk_under_water_one_cm":3992,"minecraft:energy":250,"minecraft:jump":2880,"minecraft:interact_with_blast_furnace":2,"minecraft:walk_on_water_one_cm":37676,"minecraft:total_world_time":105479,"minecraft:interact_with_furnace":13,"minecraft:intelligence":23,"minecraft:move_speed":0,"minecraft:raid_trigger":1,"minecraft:sleep_in_bed":2,"minecraft:levels_gained":11,"minecraft:time_since_rest":11793,"minecraft:damage_taken":9195,"minecraft:damage_absorbed":5978,"minecraft:damage_dealt":10731,"minecraft:swim_one_cm":6921,"minecraft:fly_one_cm":573586,"minecraft:open_chest":11,"minecraft:crouch_one_cm":2644,"minecraft:strength":21,"minecraft:fall_one_cm":69255}},"DataVersion":3465}