{"stats":{"minecraft:mined":{"minecraft:cobblestone_stairs":2,"minecraft:spruce_trapdoor":1,"minecraft:cave_vines_plant":11,"minecraft:grass_block":502,"minecraft:light_gray_bed":5,"minecraft:composter":1,"minecraft:iron_ore":28,"minecraft:cobbled_deepslate":4,"minecraft:fire":9,"minecraft:pumpkin":3,"minecraft:fletching_table":8,"minecraft:cave_vines":20,"minecraft:dirt_path":6,"creepingwoods:creeping_birch_log":1,"minecraft:spruce_slab":1,"minecraft:deepslate_redstone_ore":3,"minecraft:clay":22,"minecraft:torch":6,"minecraft:chest":4,"farmersdelight:safety_net":3,"minecraft:cobblestone":144,"minecraft:wall_torch":5,"minecraft:birch_log":7,"minecraft:wheat":9,"minecraft:lilac":2,"minecraft:grass":265,"minecraft:oak_log":3,"minecraft:beetroots":1,"minecraft:loom":2,"minecraft:sand":2,"minecraft:dirt":36,"minecraft:red_mushroom_block":2,"minecraft:oak_leaves":4,"minecraft:deepslate":39,"minecraft:tuff":9,"minecraft:dark_oak_leaves":4,"born_in_chaos_v1:infected_diamond_ore":1,"gravestone:gravestone":38,"minecraft:dark_oak_fence":1,"minecraft:spruce_fence":3,"minecraft:spruce_leaves":2,"minecraft:moss_block":2,"minecraft:cartography_table":2,"minecraft:large_fern":7,"minecraft:furnace":6,"minecraft:carrots":5,"minecraft:andesite":39,"treechop:chopped_log":71,"minecraft:bell":4,"minecraft:bookshelf":12,"minecraft:potatoes":2,"minecraft:deepslate_iron_ore":4,"minecraft:bamboo_sapling":12,"minecraft:bamboo":24,"minecraft:white_tulip":1,"minecraft:stone":552,"sophisticatedbackpacks:backpack":1,"minecraft:glass_pane":2,"minecraft:crafting_table":11,"minecraft:lectern":2,"minecraft:stone_slab":3,"minecraft:copper_ore":3,"minecraft:tall_grass":50,"born_in_chaos_v1:chipped_black_argillite_brick":4,"minecraft:blue_bed":2,"minecraft:purple_bed":5,"minecraft:sweet_berry_bush":6,"minecraft:spruce_log":38,"minecraft:coal_ore":81,"minecraft:gravel":58,"creepingwoods:creeping_oak_log":3,"minecraft:fern":37},"minecraft:killed":{"born_in_chaos_v1:restless_spirit":1,"minecraft:spider":3,"minecraft:skeleton":2,"minecraft:chicken":3,"whisperwoods:wisp":1,"minecraft:pig":2,"mokey:mokey":2,"minecraft:zombie_villager":2,"minecraft:creeper":2,"minecraft:sheep":7,"minecraft:zombie":17,"born_in_chaos_v1:dread_hound":2,"born_in_chaos_v1:corpse_fly":3,"midnightlurker:midnight_lurker_backturned":1,"minecraft:cow":19,"weeping_angels:weeping_angel":1,"hordes:zombie_player":12,"born_in_chaos_v1:maggot":10,"born_in_chaos_v1:corpse_fish":7,"minecraft:drowned":5,"born_in_chaos_v1:fallen_chaos_knight":1,"born_in_chaos_v1:baby_skeleton":2,"minecraft:squid":1,"born_in_chaos_v1:dark_vortex":1,"minecraft:villager":1},"minecraft:crafted":{"minecraft:oak_planks":436,"minecraft:cooked_chicken":7,"minecraft:birch_boat":6,"minecraft:stone":69,"minecraft:cobblestone_stairs":104,"minecraft:cooked_mutton":28,"farmersdelight:safety_net":2,"minecraft:diamond_helmet":1,"minecraft:diamond_leggings":1,"minecraft:iron_boots":9,"sniffsweapons:iron_great_sword":2,"minecraft:chest":2,"minecraft:oak_slab":78,"minecraft:wooden_shovel":1,"minecraft:emerald":204,"minecraft:cooked_porkchop":9,"minecraft:crafting_table":11,"minecraft:spruce_planks":856,"minecraft:iron_helmet":2,"minecraft:wooden_pickaxe":5,"minecraft:baked_potato":6,"minecraft:fletching_table":3,"minecraft:birch_planks":76,"minecraft:iron_chestplate":2,"minecraft:shield":3,"minecraft:stick":6494,"minecraft:iron_ingot":110,"minecraft:iron_pickaxe":3,"minecraft:stone_sword":1,"minecraft:wooden_sword":2,"minecraft:stone_shovel":1,"minecraft:spruce_button":64,"minecraft:furnace":6,"minecraft:bone_meal":12,"minecraft:iron_axe":5,"minecraft:stone_pickaxe":7,"minecraft:diamond_boots":1,"minecraft:dark_oak_planks":476,"sophisticatedbackpacks:iron_backpack":1,"minecraft:cooked_beef":38,"minecraft:iron_sword":2,"minecraft:bowl":4,"minecraft:bucket":2,"minecraft:stone_axe":2,"minecraft:air":0,"minecraft:jungle_planks":1576,"justhammers:iron_hammer":1,"justhammers:stone_hammer":16,"minecraft:wooden_axe":6,"minecraft:iron_shovel":2,"minecraft:iron_leggings":1,"minecraft:white_bed":3,"sniffsweapons:binding_string":2,"minecraft:torch":112,"minecraft:diamond_chestplate":1},"minecraft:used":{"minecraft:moss_carpet":1,"minecraft:iron_shovel":519,"minecraft:chest":4,"minecraft:shield":10,"minecraft:stone":21,"minecraft:bell":3,"minecraft:rotten_flesh":5,"minecraft:jungle_planks":1,"minecraft:carrot":28,"minecraft:tuff":7,"minecraft:sweet_berries":1,"minecraft:furnace":10,"farmersdelight:safety_net":5,"minecraft:egg":3,"minecraft:potato":1,"minecraft:stone_pickaxe":788,"minecraft:oak_planks":6,"minecraft:wooden_pickaxe":14,"minecraft:blue_bed":3,"minecraft:glow_berries":9,"minecraft:dark_oak_log":4,"born_in_chaos_v1:monster_flesh":1,"minecraft:bread":2,"minecraft:gravel":2,"minecraft:wooden_sword":5,"minecraft:andesite":39,"minecraft:bone_meal":1,"sophisticatedbackpacks:iron_backpack":1,"minecraft:stone_sword":175,"minecraft:tropical_fish":2,"minecraft:armor_stand":1,"minecraft:stone_shovel":84,"minecraft:spruce_planks":1,"minecraft:wooden_shovel":4,"minecraft:cooked_chicken":7,"minecraft:torch":104,"minecraft:dirt":550,"minecraft:spruce_fence":3,"minecraft:shroomlight":1,"minecraft:dark_oak_planks":14,"minecraft:wooden_axe":60,"minecraft:iron_axe":633,"minecraft:iron_boots":5,"minecraft:bamboo":326,"minecraft:light_gray_wool":1,"minecraft:cooked_beef":36,"minecraft:cobbled_deepslate":43,"minecraft:pumpkin":1,"minecraft:light_gray_bed":8,"minecraft:iron_leggings":1,"minecraft:cooked_mutton":18,"sniffsweapons:iron_great_sword":7,"minecraft:water_bucket":19,"minecraft:cobblestone_stairs":53,"minecraft:birch_planks":2,"minecraft:baked_potato":1,"minecraft:cartography_table":1,"minecraft:birch_boat":9,"minecraft:fletching_table":9,"minecraft:crafting_table":16,"minecraft:white_bed":3,"justhammers:iron_hammer":137,"minecraft:apple":8,"minecraft:iron_pickaxe":175,"justhammers:stone_hammer":1334,"minecraft:spruce_sapling":1,"minecraft:stone_axe":174,"minecraft:cobblestone":745,"minecraft:purple_bed":4,"minecraft:cooked_porkchop":7,"minecraft:bucket":21,"minecraft:smooth_stone":3},"minecraft:killed_by":{"minecraft:zombie_villager":1,"born_in_chaos_v1:nightmare_stalker":4,"minecraft:creeper":3,"minecraft:drowned":1,"midnightlurker:void_hands":1,"the_one_who_watches:toww_running":1,"minecraft:zombie":10,"minecraft:player":14,"minecraft:spider":1,"whisperwoods:zotzpyre":5,"hordes:zombie_player":2,"goatman:goatman":1,"born_in_chaos_v1:decaying_zombie":1,"minecraft:skeleton":4,"kevin_trophy:blister_zombie":2,"born_in_chaos_v1:door_knight":2,"born_in_chaos_v1:dread_hound":1,"midnightlurker:midnight_lurker_unprovoked":2},"minecraft:custom":{"minecraft:interact_with_crafting_table":112,"minecraft:open_barrel":6,"minecraft:bell_ring":213,"minecraft:leave_game":17,"minecraft:time_since_death":8091,"minecraft:sprint_one_cm":1263065,"minecraft:damage_blocked_by_shield":900,"minecraft:drop":220,"minecraft:talked_to_villager":109,"minecraft:play_time":458072,"minecraft:deaths":62,"minecraft:jump":8076,"minecraft:interact_with_brewingstand":1,"minecraft:walk_on_water_one_cm":56235,"minecraft:interact_with_furnace":190,"minecraft:traded_with_villager":215,"minecraft:interact_with_cartography_table":2,"minecraft:interact_with_loom":1,"minecraft:sleep_in_bed":21,"minecraft:damage_dealt":27686,"minecraft:player_kills":24,"minecraft:crouch_one_cm":88804,"minecraft:mob_kills":124,"minecraft:damage_dealt_resisted":2,"minecraft:climb_one_cm":3695,"minecraft:walk_one_cm":950463,"minecraft:sneak_time":28053,"minecraft:walk_under_water_one_cm":9369,"minecraft:boat_one_cm":124794,"minecraft:interact_with_blast_furnace":4,"minecraft:total_world_time":458072,"minecraft:time_since_rest":4458,"minecraft:damage_taken":20802,"minecraft:swim_one_cm":42268,"minecraft:fly_one_cm":1862401,"minecraft:open_chest":371,"minecraft:fall_one_cm":136904},"minecraft:broken":{"minecraft:iron_shovel":2,"minecraft:stone_pickaxe":5,"justhammers:stone_hammer":14,"minecraft:wooden_axe":1,"minecraft:stone_shovel":1,"minecraft:stone_sword":1,"justhammers:iron_hammer":1,"minecraft:iron_axe":1},"minecraft:picked_up":{"minecraft:wooden_axe":3,"minecraft:wheat":18,"minecraft:nether_brick_fence":3,"minecraft:stone_slab":16,"sniffsweapons:binding_string":1,"minecraft:string":7,"minecraft:raw_copper":649,"minecraft:iron_leggings":7,"minecraft:armor_stand":2,"minecraft:shroomlight":1,"minecraft:beetroot":1,"majruszsaccessories:discount_voucher":1,"minecraft:diamond_leggings":2,"minecraft:smooth_stone":2,"minecraft:cobbled_deepslate":235,"minecraft:spruce_planks":66,"minecraft:wooden_shovel":2,"minecraft:iron_pickaxe":4,"farmersdelight:cabbage_seeds":4,"minecraft:iron_boots":19,"minecraft:furnace":8,"minecraft:stick":478,"minecraft:torch":237,"minecraft:spruce_stairs":1,"minecraft:porkchop":4,"minecraft:stone_sword":3,"minecraft:light_gray_bed":8,"minecraft:rotten_flesh":42,"minecraft:tropical_fish":3,"minecraft:cobblestone":4867,"minecraft:birch_log":163,"majruszsaccessories:tool_scraps":4,"minecraft:cooked_beef":15,"minecraft:feather":6,"minecraft:lilac":3,"minecraft:water_bucket":1,"minecraft:andesite":338,"minecraft:jungle_log":268,"farmersdelight:safety_net":3,"minecraft:potato":7,"minecraft:flint":6,"minecraft:tuff":31,"born_in_chaos_v1:black_argillite_button":1,"minecraft:lapis_lazuli":239,"minecraft:dirt":582,"weeping_angels:kontron_ingot":20,"born_in_chaos_v1:monster_skin":5,"minecraft:bone":17,"minecraft:wheat_seeds":104,"minecraft:bell":4,"minecraft:fletching_table":6,"minecraft:diamond_helmet":1,"minecraft:bamboo":688,"minecraft:moss_block":4,"minecraft:cooked_porkchop":12,"justhammers:iron_hammer":1,"minecraft:sand":4,"minecraft:jungle_planks":1,"minecraft:ink_sac":1,"minecraft:loom":2,"minecraft:dark_oak_log":138,"minecraft:bone_meal":2,"minecraft:emerald":159,"minecraft:oak_sapling":129,"born_in_chaos_v1:rotten_fish":7,"minecraft:netherrack":1,"minecraft:crafting_table":16,"minecraft:chicken":6,"minecraft:clay_ball":160,"born_in_chaos_v1:seedof_chaos":3,"minecraft:brown_mushroom":136,"minecraft:wooden_pickaxe":5,"gravestone:obituary":20,"minecraft:shield":5,"minecraft:moss_carpet":1,"minecraft:iron_axe":4,"minecraft:wooden_sword":1,"minecraft:cartography_table":1,"minecraft:beef":43,"minecraft:jungle_sapling":14,"minecraft:light_gray_wool":3,"minecraft:spruce_slab":1,"minecraft:lectern":4,"minecraft:chest":4,"minecraft:birch_sapling":69,"minecraft:diamond_hoe":1,"minecraft:egg":3,"minecraft:dark_oak_sapling":73,"minecraft:raw_iron":152,"minecraft:stone":45,"minecraft:copper_ingot":6,"minecraft:bowl":4,"minecraft:spruce_fence":3,"sophisticatedbackpacks:backpack":2,"born_in_chaos_v1:pieceofdarkmetal":5,"minecraft:carrot":27,"minecraft:redstone":11,"sniffsweapons:iron_great_sword":1,"minecraft:dark_oak_planks":1,"minecraft:arrow":11,"minecraft:stone_shovel":4,"minecraft:diamond_chestplate":1,"minecraft:beetroot_seeds":2,"majruszsaccessories:lucky_rock":5,"minecraft:nether_bricks":5,"minecraft:diamond_boots":1,"minecraft:nether_brick_wall":2,"minecraft:glow_berries":6,"minecraft:mutton":17,"minecraft:white_wool":6,"born_in_chaos_v1:fused_bone":2,"minecraft:stripped_oak_log":1,"born_in_chaos_v1:corpse_maggot":12,"born_in_chaos_v1:monster_flesh":4,"minecraft:glow_ink_sac":2,"minecraft:salmon":1,"minecraft:leather":36,"minecraft:red_mushroom":13,"minecraft:birch_planks":234,"minecraft:mushroom_stew":28,"minecraft:oak_log":159,"minecraft:gunpowder":29,"minecraft:cobblestone_stairs":11,"minecraft:blue_bed":4,"minecraft:cooked_mutton":7,"minecraft:red_nether_brick_stairs":1,"minecraft:apple":12,"minecraft:spore_blossom":2,"minecraft:iron_ingot":32,"minecraft:stone_pickaxe":7,"born_in_chaos_v1:chipped_black_argillite_brick":5,"minecraft:book":72,"minecraft:birch_boat":7,"minecraft:pumpkin":1,"minecraft:sweet_berries":13,"born_in_chaos_v1:ethereal_spirit":3,"minecraft:gravel":161,"born_in_chaos_v1:dark_rod":1,"justhammers:stone_hammer":8,"minecraft:spruce_sapling":73,"minecraft:blast_furnace":1,"minecraft:spruce_log":322,"minecraft:spider_eye":4,"minecraft:diamond_shovel":1,"minecraft:pumpkin_seeds":7,"minecraft:purple_bed":5,"minecraft:stone_axe":4,"minecraft:baked_potato":2,"minecraft:dark_oak_wood":14,"minecraft:stripped_dark_oak_log":3,"minecraft:coal":800},"minecraft:dropped":{"minecraft:brown_mushroom":20,"minecraft:birch_planks":36,"minecraft:lapis_lazuli":26,"minecraft:oak_log":51,"minecraft:baked_potato":3,"minecraft:spore_blossom":2,"minecraft:dark_oak_sapling":6,"minecraft:cooked_porkchop":28,"sniffsweapons:iron_great_sword":2,"minecraft:red_mushroom":1,"minecraft:emerald":87,"born_in_chaos_v1:monster_flesh":2,"minecraft:dirt":7,"weeping_angels:kontron_ingot":2,"gravestone:obituary":47,"minecraft:wooden_sword":1,"minecraft:bone_meal":12,"minecraft:iron_pickaxe":4,"minecraft:white_wool":1,"minecraft:blue_bed":1,"minecraft:bone":30,"minecraft:gravel":150,"minecraft:stone_axe":2,"minecraft:cobbled_deepslate":192,"minecraft:birch_sapling":7,"minecraft:wheat":9,"minecraft:beetroot":1,"minecraft:rotten_flesh":20,"minecraft:cooked_mutton":10,"minecraft:carrot":7,"minecraft:gunpowder":30,"born_in_chaos_v1:chipped_black_argillite_brick":1,"minecraft:beetroot_seeds":4,"born_in_chaos_v1:corpse_maggot":1,"minecraft:spruce_slab":1,"majruszsaccessories:lucky_rock":3,"minecraft:iron_ingot":43,"minecraft:wheat_seeds":8,"majruszsaccessories:discount_voucher":1,"minecraft:diamond_leggings":1,"minecraft:iron_helmet":1,"minecraft:cobblestone":351,"minecraft:apple":4,"minecraft:spruce_button":64,"minecraft:spruce_stairs":1,"minecraft:stick":16,"minecraft:ink_sac":1,"minecraft:wooden_axe":2,"minecraft:iron_leggings":1,"minecraft:iron_axe":5,"minecraft:spruce_sapling":5,"minecraft:furnace":2,"minecraft:sweet_berries":4,"minecraft:raw_copper":7,"minecraft:bowl":8,"minecraft:tuff":24,"majruszsaccessories:tool_scraps":2,"born_in_chaos_v1:rotten_fish":3,"minecraft:light_gray_wool":2,"minecraft:iron_boots":8,"minecraft:stripped_oak_log":1,"sophisticatedbackpacks:backpack":1,"minecraft:stone_slab":6,"majruszsaccessories:onyx":1,"minecraft:pumpkin_seeds":7,"minecraft:blast_furnace":2,"minecraft:potato":13,"minecraft:stone":1,"minecraft:shield":3,"minecraft:iron_chestplate":1,"minecraft:andesite":296,"minecraft:oak_sapling":16,"minecraft:wooden_shovel":2,"minecraft:spruce_log":122,"minecraft:bamboo":41,"minecraft:bow":1,"minecraft:stone_pickaxe":1,"minecraft:wooden_pickaxe":2,"sniffsweapons:binding_string":1}},"DataVersion":3120}