{"stats":{"minecraft:killed_by":{"minecraft:zombie":1},"minecraft:picked_up":{"chococraft:loverly_gysahl_green":5,"mmorpg:currency/orb_of_quality":1,"minecraft:iron_chestplate":8,"mmorpg:gems/sapphire/0":1,"mmorpg:skill_gems/aura/dex":1,"minecraft:string":28,"minecraft:iron_leggings":13,"minecraft:gold_nugget":64,"minecraft:cobbled_deepslate":128,"mmorpg:gems/tourmaline/0":1,"minecraft:bucket":1,"minecraft:spruce_planks":34,"minecraft:calcite":1,"minecraft:azalea":2,"minecraft:iron_pickaxe":1,"minecraft:melon_slice":3,"mmorpg:runes/dos":2,"minecraft:iron_boots":2,"minecraft:furnace":2,"minecraft:stick":31,"minecraft:big_dripleaf":3,"minecraft:oak_fence":6,"minecraft:torch":6,"minecraft:porkchop":50,"mmorpg:jewelry/necklace/iron":2,"minecraft:honeycomb_block":2,"minecraft:pointed_dripstone":7,"alexsmobs:centipede_leg":2,"minecraft:rotten_flesh":60,"chococraft:chocobo_drumstick_raw":5,"minecraft:obsidian":20,"minecraft:cobblestone":212,"minecraft:birch_log":16,"minecraft:feather":3,"minecraft:andesite":4,"mmorpg:gems/azurite/0":1,"minecraft:dark_oak_boat":5,"alexsmobs:bison_fur":3,"minecraft:flint":1,"minecraft:tuff":11,"minecraft:map":1,"minecraft:dirt":518,"mmorpg:currency/jewel_corrupt":1,"minecraft:bone":95,"minecraft:bow":7,"minecraft:wheat_seeds":76,"minecraft:raw_gold":26,"minecraft:moss_block":68,"minecraft:oak_planks":19,"mmorpg:skill_gems/support/str":2,"minecraft:cooked_porkchop":9,"minecraft:stripped_spruce_log":1,"sophisticatedbackpacks:iron_backpack":2,"minecraft:mossy_cobblestone":4,"mmorpg:gems/garnet/0":4,"minecraft:diamond":40,"mmorpg:gems/ruby/0":2,"minecraft:crossbow":4,"mmorpg:rare_mats/mining/lesser":1,"alexsmobs:moose_ribs":1,"minecraft:emerald":5,"minecraft:oak_sapling":17,"minecraft:crafting_table":5,"mmorpg:gems/topaz/0":1,"minecraft:ladder":5,"minecraft:clay_ball":28,"mmorpg:skill_gems/aura/str":2,"mmorpg:jewelry/ring/iron":8,"alexsmobs:froststalker_horn":2,"minecraft:shield":2,"minecraft:cornflower":1,"minecraft:moss_carpet":16,"minecraft:iron_axe":1,"minecraft:blackstone":1,"minecraft:beef":47,"minecraft:poppy":2,"mmorpg:offhand/tome/iron":2,"mmorpg:skill_gems/support/dex":2,"minecraft:raw_iron":15,"minecraft:stone":1,"mmorpg:currency/affix_tier_up_down":2,"mmorpg:skill_gems/support/int":5,"mmorpg:jewel/str":2,"minecraft:prismarine_crystals":1,"minecraft:dark_oak_planks":32,"minecraft:arrow":58,"minecraft:diamond_chestplate":2,"mmorpg:currency/affix_common_reroll":2,"minecraft:hay_block":10,"sophisticatedbackpacks:copper_backpack":2,"minecraft:glow_berries":2,"minecraft:mutton":2,"minecraft:white_wool":28,"minecraft:glow_ink_sac":1,"minecraft:leather":2,"doggytalents:rice_grains":78,"minecraft:birch_planks":16,"minecraft:oak_log":27,"minecraft:gunpowder":70,"minecraft:blue_bed":3,"minecraft:white_banner":1,"chococraft:chocobo_feather":1,"chococraft:gysahl_green":176,"minecraft:apple":2,"minecraft:flowering_azalea":1,"minecraft:iron_sword":10,"minecraft:dark_oak_stairs":2,"sophisticatedbackpacks:diamond_backpack":1,"minecraft:dandelion":11,"minecraft:gravel":3,"chococraft:gysahl_green_seeds":12,"minecraft:blast_furnace":2,"mmorpg:weapon/staff/wood":23,"minecraft:white_bed":1,"minecraft:spruce_log":11,"minecraft:spider_eye":9,"minecraft:spruce_door":1,"minecraft:honey_block":6,"minecraft:iron_helmet":4,"mmorpg:offhand/dodge/iron":2,"minecraft:coal":24,"minecraft:ender_pearl":1},"minecraft:killed":{"minecraft:spider":45,"alexsmobs:snow_leopard":1,"alexsmobs:froststalker":2,"creeperoverhaul:dripstone_creeper":5,"minecraft:skeleton":63,"minecraft:guardian":1,"minecraft:bee":1,"aquaculture:perch":2,"creeperoverhaul:cave_creeper":1,"alexsmobs:centipede_head":2,"minecraft:tropical_fish":1,"minecraft:parrot":1,"minecraft:pig":13,"minecraft:zombie_villager":3,"minecraft:creeper":24,"minecraft:sheep":6,"minecraft:pillager":20,"minecraft:zombie":74,"minecraft:stray":3,"minecraft:cow":9,"chococraft:chocobo":1,"minecraft:vindicator":6,"alexsmobs:seagull":2,"creeperoverhaul:snowy_creeper":14,"mmorpg:zombie":13,"minecraft:drowned":2,"minecraft:husk":1,"minecraft:bat":2,"minecraft:frog":5,"minecraft:enderman":1},"minecraft:mined":{"minecraft:spruce_planks":3,"minecraft:white_bed":1,"minecraft:red_nether_bricks":2,"minecraft:obsidian":21,"minecraft:cave_vines_plant":1,"minecraft:grass_block":469,"minecraft:oxeye_daisy":1,"minecraft:spawner":9,"minecraft:fire":2,"minecraft:iron_ore":1,"minecraft:cobbled_deepslate":3,"minecraft:moss_carpet":1,"chococraft:gysahl_green":29,"minecraft:cave_vines":1,"minecraft:dirt_path":19,"minecraft:pink_tulip":1,"minecraft:azalea":3,"minecraft:stripped_mangrove_wood":2,"minecraft:blackstone":1,"minecraft:clay":2,"minecraft:blast_furnace":2,"minecraft:calcite":1,"minecraft:melon":1,"minecraft:cobblestone":28,"minecraft:honeycomb_block":3,"minecraft:oak_planks":19,"minecraft:wall_torch":3,"minecraft:birch_log":16,"minecraft:grass":152,"minecraft:oak_log":25,"minecraft:dirt":14,"minecraft:oak_leaves":19,"minecraft:deepslate":55,"minecraft:tuff":6,"minecraft:mossy_cobblestone":5,"minecraft:deepslate_diamond_ore":28,"minecraft:ladder":1,"gravestone:gravestone":1,"minecraft:birch_slab":1,"minecraft:spruce_leaves":1,"minecraft:moss_block":5,"minecraft:hay_block":10,"minecraft:furnace":2,"minecraft:stripped_spruce_log":1,"minecraft:deepslate_iron_ore":16,"minecraft:stone":186,"minecraft:white_wool":2,"minecraft:glass_pane":2,"minecraft:crafting_table":5,"minecraft:honey_block":3,"minecraft:tall_grass":39,"minecraft:deepslate_gold_ore":27,"minecraft:blue_bed":2,"minecraft:spruce_log":11,"minecraft:coal_ore":24,"minecraft:gravel":4,"minecraft:cobweb":5},"minecraft:crafted":{"minecraft:oak_planks":6,"minecraft:chest":4,"minecraft:cooked_porkchop":23,"minecraft:crafting_table":7,"minecraft:spruce_planks":13,"minecraft:birch_planks":16,"minecraft:diamond_pickaxe":1,"sophisticatedbackpacks:diamond_backpack":1,"minecraft:stick":1,"minecraft:iron_pickaxe":3,"chococraft:chocobo_drumstick_cooked":3,"minecraft:furnace":3,"minecraft:iron_axe":2,"minecraft:dark_oak_planks":7,"sophisticatedbackpacks:iron_backpack":1,"minecraft:iron_sword":1,"sophisticatedbackpacks:gold_backpack":1,"minecraft:air":214,"minecraft:iron_shovel":3,"minecraft:torch":8},"minecraft:used":{"minecraft:moss_carpet":1,"minecraft:iron_shovel":530,"minecraft:ladder":2,"minecraft:chest":3,"minecraft:iron_sword":75,"minecraft:rotten_flesh":3,"minecraft:iron_chestplate":4,"minecraft:mutton":1,"chococraft:chocobo_drumstick_cooked":3,"aquaculture:synodontis":1,"minecraft:iron_helmet":1,"minecraft:dark_oak_boat":4,"minecraft:furnace":4,"alexsmobs:raw_catfish":1,"minecraft:oak_planks":19,"minecraft:blue_bed":2,"minecraft:white_wool":25,"minecraft:melon_slice":3,"minecraft:bread":4,"chococraft:gysahl_green":31,"minecraft:spruce_planks":14,"minecraft:torch":29,"minecraft:dirt":166,"minecraft:salmon_bucket":1,"minecraft:dark_oak_planks":4,"minecraft:iron_axe":129,"minecraft:cobbled_deepslate":24,"minecraft:water_bucket":49,"minecraft:birch_planks":43,"minecraft:crafting_table":11,"minecraft:white_bed":1,"minecraft:spruce_log":1,"minecraft:diamond_pickaxe":127,"minecraft:iron_pickaxe":318,"minecraft:map":1,"mmorpg:weapon/staff/wood":328,"minecraft:cobblestone":96,"minecraft:cooked_porkchop":9,"minecraft:porkchop":6,"minecraft:bucket":50},"minecraft:dropped":{"minecraft:iron_sword":3,"minecraft:moss_block":4,"minecraft:porkchop":10,"minecraft:birch_planks":1,"mmorpg:skill_gems/support/str":1,"minecraft:glow_ink_sac":1,"minecraft:cooked_porkchop":12,"minecraft:crossbow":2,"minecraft:flint":4,"minecraft:dirt":8,"minecraft:cornflower":2,"minecraft:gold_nugget":57,"gravestone:obituary":1,"minecraft:iron_pickaxe":1,"aquaculture:pacific_halibut":1,"minecraft:dark_oak_planks":23,"minecraft:white_wool":2,"minecraft:bone":3,"minecraft:gravel":3,"alexsmobs:centipede_leg":2,"minecraft:cobbled_deepslate":61,"mmorpg:gems/sapphire/0":1,"minecraft:pointed_dripstone":3,"minecraft:beetroot":5,"minecraft:rotten_flesh":10,"minecraft:chainmail_chestplate":1,"minecraft:poppy":2,"minecraft:gunpowder":54,"minecraft:honey_block":3,"mmorpg:gems/garnet/0":3,"doggytalents:rice_grains":76,"minecraft:arrow":14,"minecraft:bread":1,"minecraft:stripped_spruce_log":1,"minecraft:wheat_seeds":64,"mmorpg:skill_gems/support/dex":1,"minecraft:oak_fence":6,"minecraft:iron_helmet":1,"minecraft:cobblestone":4,"chococraft:gysahl_green_seeds":12,"mmorpg:skill_gems/support/int":1,"mmorpg:weapon/staff/wood":2,"minecraft:stick":2,"chococraft:chocobo_drumstick_raw":1,"minecraft:iron_leggings":4,"minecraft:white_banner":1,"minecraft:iron_axe":1,"minecraft:iron_shovel":1,"minecraft:dandelion":13,"minecraft:moss_carpet":5,"minecraft:bowl":1,"minecraft:tuff":3,"minecraft:clay_ball":12,"mmorpg:jewelry/necklace/iron":1,"minecraft:filled_map":1,"minecraft:big_dripleaf":1,"minecraft:stone":1,"mmorpg:gems/ruby/0":2,"minecraft:spruce_planks":22,"minecraft:iron_chestplate":2,"mmorpg:offhand/tome/iron":1,"minecraft:oak_sapling":17,"minecraft:spider_eye":8,"sophisticatedbackpacks:copper_backpack":1,"minecraft:bow":4,"mmorpg:gems/topaz/0":1,"minecraft:calcite":1,"chococraft:gysahl_green":59},"minecraft:broken":{"minecraft:iron_shovel":1,"minecraft:iron_boots":2,"minecraft:iron_leggings":1,"minecraft:iron_helmet":1},"minecraft:custom":{"minecraft:blood":0,"minecraft:dexterity":17,"minecraft:interact_with_crafting_table":36,"minecraft:open_barrel":99,"minecraft:eat_cake_slice":1,"minecraft:leave_game":4,"minecraft:time_since_death":1245,"minecraft:damage_resisted":0,"minecraft:sprint_one_cm":662559,"minecraft:drop":120,"minecraft:health":443,"minecraft:talked_to_villager":1,"minecraft:play_time":219749,"minecraft:deaths":2,"minecraft:jump":4719,"minecraft:energy":340,"minecraft:walk_on_water_one_cm":79452,"minecraft:interact_with_furnace":26,"minecraft:intelligence":44,"minecraft:sleep_in_bed":11,"minecraft:levels_gained":13,"minecraft:damage_dealt":13760,"minecraft:player_kills":1,"minecraft:crouch_one_cm":37962,"minecraft:mob_kills":337,"minecraft:damage_dealt_resisted":0,"minecraft:climb_one_cm":4926,"minecraft:mana":646,"minecraft:magic_shield":17,"minecraft:walk_one_cm":436670,"minecraft:damage_dealt_absorbed":200,"minecraft:sneak_time":13393,"minecraft:walk_under_water_one_cm":35939,"minecraft:boat_one_cm":305715,"minecraft:interact_with_blast_furnace":2,"minecraft:total_world_time":219749,"minecraft:move_speed":0,"minecraft:raid_trigger":1,"minecraft:time_since_rest":1536,"minecraft:damage_taken":13039,"minecraft:damage_absorbed":10310,"minecraft:swim_one_cm":60366,"minecraft:fly_one_cm":878672,"minecraft:open_chest":89,"minecraft:strength":43,"minecraft:fall_one_cm":130184}},"DataVersion":3465}