{"stats":{"minecraft:crafted":{"minecraft:oak_planks":4,"minecraft:stone_shovel":1,"minecraft:crafting_table":1,"minecraft:spruce_planks":12,"minecraft:stone":23,"minecraft:air":0,"justhammers:stone_hammer":4,"minecraft:stick":12,"minecraft:stone_pickaxe":2,"minecraft:white_bed":2},"minecraft:killed_by":{"minecraft:zombie_villager":1,"minecraft:player":7,"born_in_chaos_v1:baby_skeleton_minion":1,"born_in_chaos_v1:nightmare_stalker":3,"minecraft:zombie":1,"kevin_trophy:blister_zombie":1,"born_in_chaos_v1:zombie_bruiser":2},"minecraft:mined":{"minecraft:white_bed":2,"gravestone:gravestone":8,"minecraft:grass_block":2,"minecraft:tall_grass":1,"minecraft:wall_torch":1,"minecraft:sweet_berry_bush":6,"minecraft:spruce_log":3,"minecraft:grass":13,"minecraft:coal_ore":1,"minecraft:dirt_path":10,"minecraft:dirt":28,"minecraft:bamboo_sapling":3},"minecraft:used":{"minecraft:stone_shovel":49,"minecraft:stone_pickaxe":3,"minecraft:birch_boat":2,"minecraft:rotten_flesh":7,"minecraft:torch":19,"minecraft:dirt":26,"minecraft:white_bed":4,"born_in_chaos_v1:monster_flesh":1,"justhammers:stone_hammer":545,"minecraft:stone_axe":2,"minecraft:cobblestone":142,"minecraft:purple_bed":1,"minecraft:sweet_berries":4,"minecraft:porkchop":1,"minecraft:egg":1,"minecraft:cooked_beef":4},"minecraft:broken":{"justhammers:stone_hammer":4,"minecraft:stone_axe":1},"minecraft:custom":{"minecraft:interact_with_furnace":8,"minecraft:mob_kills":15,"minecraft:interact_with_crafting_table":12,"minecraft:damage_dealt_resisted":54,"minecraft:leave_game":3,"minecraft:time_since_death":5063,"minecraft:sleep_in_bed":1,"minecraft:time_since_rest":5091,"minecraft:sprint_one_cm":247850,"minecraft:damage_taken":4566,"minecraft:walk_one_cm":156614,"minecraft:drop":15,"minecraft:damage_dealt":5170,"minecraft:swim_one_cm":10189,"minecraft:talked_to_villager":24,"minecraft:fly_one_cm":230661,"minecraft:player_kills":3,"minecraft:open_chest":36,"minecraft:crouch_one_cm":9362,"minecraft:play_time":57077,"minecraft:deaths":16,"minecraft:sneak_time":3036,"minecraft:walk_under_water_one_cm":8646,"minecraft:boat_one_cm":141943,"minecraft:jump":1104,"minecraft:walk_on_water_one_cm":15025,"minecraft:total_world_time":57077,"minecraft:fall_one_cm":10103},"minecraft:dropped":{"minecraft:stone_shovel":1,"justhammers:stone_hammer":1,"minecraft:stone":6,"gravestone:obituary":12},"minecraft:picked_up":{"minecraft:cooked_beef":8,"born_in_chaos_v1:monster_flesh":2,"born_in_chaos_v1:seedof_chaos":6,"minecraft:leather":9,"minecraft:stone_slab":3,"minecraft:oak_log":3,"gravestone:obituary":5,"minecraft:gunpowder":2,"minecraft:lapis_lazuli":39,"minecraft:dirt":35,"minecraft:raw_copper":34,"weeping_angels:kontron_ingot":3,"born_in_chaos_v1:monster_skin":2,"minecraft:wheat_seeds":1,"minecraft:iron_ingot":5,"minecraft:bamboo":7,"minecraft:mangrove_log":2,"minecraft:stick":25,"minecraft:stone":25,"minecraft:birch_boat":2,"minecraft:sweet_berries":12,"minecraft:torch":34,"minecraft:acacia_log":2,"minecraft:porkchop":3,"justhammers:stone_hammer":9,"minecraft:spruce_sapling":24,"minecraft:white_bed":2,"minecraft:spruce_log":3,"minecraft:dark_oak_log":48,"minecraft:rotten_flesh":14,"minecraft:stone_axe":1,"majruszsaccessories:lucky_rock":3,"minecraft:coal":144,"minecraft:white_wool":6,"minecraft:cobblestone":3203},"minecraft:killed":{"hordes:zombie_player":4,"born_in_chaos_v1:zombie_lumberjack":1,"minecraft:creeper":1,"born_in_chaos_v1:zombie_bruiser":1,"born_in_chaos_v1:baby_skeleton_minion":2,"minecraft:zombie":4}},"DataVersion":3120}