{"stats":{"minecraft:mined":{"minecraft:white_bed":2,"minecraft:jungle_leaves":2,"gravestone:gravestone":12,"minecraft:acacia_log":4,"minecraft:grass_block":7,"minecraft:white_stained_glass":2,"minecraft:spruce_leaves":1,"minecraft:large_fern":1,"minecraft:tall_seagrass":1,"minecraft:furnace":3,"minecraft:moss_carpet":1,"treechop:chopped_log":33,"minecraft:peony":2,"minecraft:vine":16,"minecraft:dirt_path":10,"minecraft:bamboo_sapling":3,"creepingwoods:creeping_birch_log":1,"born_in_chaos_v1:marigolds":1,"minecraft:crafting_table":2,"minecraft:torch":4,"minecraft:tall_grass":76,"minecraft:wall_torch":4,"minecraft:birch_log":12,"minecraft:wheat":1,"minecraft:sweet_berry_bush":6,"minecraft:lilac":4,"minecraft:spruce_log":7,"minecraft:birch_leaves":1,"born_in_chaos_v1:river_mint":1,"minecraft:grass":93,"minecraft:oak_log":13,"minecraft:coal_ore":1,"minecraft:gravel":1,"minecraft:dirt":29,"minecraft:oak_leaves":2,"minecraft:fern":2},"minecraft:killed":{"hordes:zombie_player":6,"born_in_chaos_v1:zombie_lumberjack":1,"born_in_chaos_v1:zombie_bruiser":1,"born_in_chaos_v1:baby_skeleton_minion":2,"born_in_chaos_v1:maggot":2,"minecraft:pig":3,"minecraft:creeper":1,"minecraft:zombie":4,"born_in_chaos_v1:corpse_fly":8,"minecraft:cow":8},"minecraft:crafted":{"minecraft:oak_planks":520,"minecraft:stone_shovel":1,"minecraft:cooked_chicken":3,"minecraft:furnace":3,"minecraft:stone":51,"minecraft:diamond_helmet":1,"minecraft:diamond_leggings":1,"minecraft:stone_pickaxe":3,"minecraft:chest":2,"minecraft:diamond_boots":1,"minecraft:dark_oak_planks":52,"minecraft:cooked_beef":19,"minecraft:emerald":152,"minecraft:cooked_porkchop":6,"minecraft:crafting_table":3,"minecraft:spruce_planks":112,"minecraft:birch_planks":412,"minecraft:stone_axe":6,"minecraft:air":0,"minecraft:jungle_planks":1428,"justhammers:iron_hammer":1,"justhammers:stone_hammer":5,"minecraft:shield":2,"minecraft:stick":4940,"minecraft:iron_ingot":4,"minecraft:stone_sword":1,"minecraft:white_bed":2,"minecraft:acacia_planks":16,"minecraft:torch":68,"minecraft:diamond_chestplate":1},"minecraft:used":{"minecraft:stone_sword":9,"minecraft:enchanting_table":1,"minecraft:stone_shovel":49,"minecraft:chest":2,"minecraft:shield":33,"minecraft:rotten_flesh":31,"minecraft:torch":43,"minecraft:dirt":28,"minecraft:jungle_sapling":12,"minecraft:iron_boots":1,"minecraft:sweet_berries":4,"minecraft:furnace":3,"minecraft:egg":1,"minecraft:cooked_beef":14,"minecraft:stone_pickaxe":3,"minecraft:oak_planks":4,"minecraft:birch_boat":2,"minecraft:crafting_table":5,"minecraft:white_bed":4,"justhammers:iron_hammer":32,"minecraft:diamond_shovel":9,"born_in_chaos_v1:monster_flesh":1,"justhammers:stone_hammer":616,"minecraft:stone_axe":449,"minecraft:wooden_sword":50,"minecraft:cobblestone":218,"minecraft:purple_bed":1,"minecraft:porkchop":1,"minecraft:cooked_porkchop":3,"minecraft:bone_meal":31},"minecraft:killed_by":{"minecraft:zombie_villager":1,"minecraft:player":8,"born_in_chaos_v1:baby_skeleton_minion":1,"born_in_chaos_v1:nightmare_stalker":3,"born_in_chaos_v1:zombie_bruiser":2,"minecraft:iron_golem":1,"born_in_chaos_v1:corpse_fly":3,"minecraft:drowned":2,"minecraft:zombie":1,"kevin_trophy:blister_zombie":2,"midnightlurker:midnight_lurker_unprovoked":1},"minecraft:custom":{"minecraft:mob_kills":39,"minecraft:interact_with_crafting_table":36,"minecraft:open_barrel":5,"minecraft:damage_dealt_resisted":54,"minecraft:leave_game":7,"minecraft:time_since_death":0,"minecraft:sprint_one_cm":639604,"minecraft:walk_one_cm":286924,"minecraft:damage_blocked_by_shield":1645,"minecraft:drop":39,"minecraft:talked_to_villager":85,"minecraft:play_time":148598,"minecraft:sneak_time":6555,"minecraft:deaths":26,"minecraft:walk_under_water_one_cm":16146,"minecraft:boat_one_cm":141943,"minecraft:jump":3652,"minecraft:interact_with_blast_furnace":5,"minecraft:walk_on_water_one_cm":24474,"minecraft:enchant_item":1,"minecraft:total_world_time":148598,"minecraft:interact_with_furnace":57,"minecraft:traded_with_villager":156,"minecraft:sleep_in_bed":7,"minecraft:time_since_rest":313,"minecraft:damage_taken":8362,"minecraft:damage_dealt":8556,"minecraft:swim_one_cm":51134,"minecraft:fly_one_cm":863221,"minecraft:player_kills":3,"minecraft:open_chest":127,"minecraft:crouch_one_cm":19311,"minecraft:fall_one_cm":74623},"minecraft:broken":{"justhammers:stone_hammer":4,"minecraft:stone_axe":2},"minecraft:picked_up":{"minecraft:crafting_table":2,"born_in_chaos_v1:river_mint":1,"born_in_chaos_v1:seedof_chaos":6,"minecraft:stone_slab":7,"gravestone:obituary":5,"minecraft:shield":1,"minecraft:moss_carpet":1,"minecraft:raw_copper":48,"minecraft:diamond_leggings":1,"minecraft:cobbled_deepslate":3,"minecraft:beef":22,"minecraft:jungle_sapling":39,"minecraft:birch_sapling":20,"minecraft:mangrove_log":2,"minecraft:furnace":3,"minecraft:stick":91,"minecraft:raw_iron":10,"minecraft:stone":25,"minecraft:torch":95,"minecraft:acacia_log":6,"minecraft:porkchop":9,"minecraft:stone_sword":1,"minecraft:diamond_chestplate":1,"minecraft:rotten_flesh":14,"minecraft:peony":4,"majruszsaccessories:lucky_rock":3,"minecraft:diamond_boots":1,"minecraft:white_wool":6,"minecraft:cobblestone":3714,"minecraft:birch_log":103,"majruszsaccessories:tool_scraps":1,"born_in_chaos_v1:corpse_maggot":8,"minecraft:cooked_beef":17,"minecraft:lilac":2,"born_in_chaos_v1:monster_flesh":2,"minecraft:jungle_log":357,"minecraft:leather":20,"minecraft:oak_log":151,"minecraft:gunpowder":2,"minecraft:lapis_lazuli":52,"minecraft:dirt":42,"weeping_angels:kontron_ingot":3,"born_in_chaos_v1:monster_skin":2,"minecraft:apple":18,"minecraft:wheat_seeds":21,"minecraft:iron_ingot":5,"minecraft:diamond_helmet":1,"minecraft:bamboo":7,"minecraft:cooked_porkchop":3,"minecraft:birch_boat":2,"minecraft:sweet_berries":12,"justhammers:iron_hammer":1,"minecraft:gravel":4,"justhammers:stone_hammer":9,"minecraft:spruce_sapling":24,"minecraft:spruce_log":6,"minecraft:white_bed":2,"minecraft:dark_oak_log":48,"minecraft:diamond_shovel":1,"minecraft:stone_axe":2,"knight_quest:kq_great_essence":1,"minecraft:bread":2,"minecraft:oak_sapling":70,"minecraft:coal":225},"minecraft:dropped":{"minecraft:wheat_seeds":13,"minecraft:lilac":2,"minecraft:cobblestone":59,"minecraft:stick":47,"minecraft:dirt":1,"born_in_chaos_v1:river_mint":1,"gravestone:obituary":17,"minecraft:stone_axe":1,"minecraft:moss_carpet":1,"minecraft:birch_sapling":20,"minecraft:stone_shovel":2,"minecraft:rotten_flesh":4,"justhammers:stone_hammer":2,"minecraft:stone":6,"born_in_chaos_v1:corpse_maggot":7,"minecraft:oak_sapling":66,"minecraft:stone_pickaxe":1}},"DataVersion":3120}