{"stats":{"minecraft:killed_by":{"minecraft:creeper":1,"minecraft:enderman":1,"alexsmobs:murmur_head":1,"minecraft:skeleton":1,"minecraft:zombie":3,"minecraft:elder_guardian":3},"minecraft:picked_up":{"minecraft:iron_chestplate":5,"mmorpg:gems/topaz/1":2,"chococraft:loverly_gysahl_green":4,"minecraft:crafting_table":6,"minecraft:azure_bluet":1,"aquaculture:synodontis":1,"minecraft:ladder":1,"minecraft:clay_ball":213,"minecraft:leather_leggings":1,"mmorpg:jewelry/ring/iron":4,"gravestone:obituary":1,"minecraft:shield":4,"minecraft:cornflower":1,"mmorpg:skill_gems/aura/dex":1,"minecraft:string":41,"aquaculture:muskellunge":1,"minecraft:moss_carpet":22,"minecraft:iron_axe":1,"minecraft:flint_and_steel":1,"minecraft:iron_leggings":7,"minecraft:compass":1,"minecraft:iron_shovel":1,"minecraft:sheaf_pottery_sherd":1,"minecraft:cyan_carpet":4,"minecraft:calcite":1,"minecraft:diamond_leggings":1,"mmorpg:map":1,"minecraft:cobbled_deepslate":22,"mmorpg:gems/tourmaline/0":4,"minecraft:bucket":1,"minecraft:beef":16,"alexsmobs:elastic_tendon":1,"minecraft:player_head":1,"minecraft:azalea":5,"mmorpg:offhand/tome/iron":2,"mmorpg:currency/chaos_orb":1,"minecraft:iron_pickaxe":3,"minecraft:melon_slice":7,"minecraft:sugar_cane":4,"minecraft:chest":7,"mmorpg:gems/amethyst/0":1,"mmorpg:currency/socket_adder":1,"minecraft:iron_boots":3,"mmorpg:gems/opal/0":14,"minecraft:tipped_arrow":6,"mmorpg:skill_gems/support/dex":3,"minecraft:stick":14,"mmorpg:gems/emerald/0":11,"minecraft:raw_gold_block":3,"minecraft:big_dripleaf":18,"minecraft:torch":2,"minecraft:spruce_fence":2,"sophisticatedbackpacks:backpack":3,"minecraft:porkchop":21,"mmorpg:jewelry/necklace/iron":2,"minecraft:carrot":8,"mmorpg:skill_gems/support/int":4,"alexsmobs:centipede_leg":2,"alexsmobs:crocodile_scute":10,"minecraft:dark_oak_planks":1,"minecraft:cactus":1,"minecraft:arrow":61,"minecraft:rotten_flesh":49,"minecraft:decorated_pot":1,"minecraft:pumpkin_pie":1,"minecraft:shears":3,"minecraft:hay_block":22,"minecraft:gold_ingot":80,"sophisticatedbackpacks:copper_backpack":2,"chococraft:chocobo_drumstick_raw":20,"minecraft:glow_berries":3,"minecraft:white_wool":4,"minecraft:cobblestone":9,"minecraft:clock":1,"minecraft:feather":9,"minecraft:oxidized_copper":1,"minecraft:leather":7,"minecraft:dark_oak_boat":2,"mmorpg:gems/azurite/0":2,"minecraft:tuff":1,"doggytalents:rice_grains":90,"alexsmobs:bison_fur":2,"minecraft:flint":26,"minecraft:oak_log":6,"minecraft:chainmail_chestplate":5,"minecraft:gunpowder":96,"mmorpg:currency/map_rarity_upgrade":5,"minecraft:blue_bed":10,"minecraft:dirt":632,"minecraft:cooked_mutton":1,"chococraft:chocobo_feather":4,"minecraft:bone":37,"minecraft:stone_bricks":1,"chococraft:gysahl_green":247,"minecraft:apple":1,"minecraft:kelp":4,"minecraft:bow":12,"chococraft:gold_gysahl":3,"aquaculture:pacific_halibut":1,"minecraft:wheat_seeds":124,"minecraft:raw_gold":6,"minecraft:spore_blossom":1,"minecraft:iron_ingot":32,"aquaculture:pollock":1,"minecraft:bamboo":6,"minecraft:moss_block":6,"minecraft:iron_sword":15,"minecraft:oak_planks":1,"minecraft:flowering_azalea":5,"minecraft:book":72,"mmorpg:skill_gems/support/str":3,"aquaculture:smallmouth_bass":1,"minecraft:smooth_basalt":2,"minecraft:cooked_porkchop":20,"minecraft:gravel":1,"minecraft:dandelion":3,"chococraft:gysahl_green_seeds":68,"minecraft:spruce_sapling":2,"sophisticatedbackpacks:iron_backpack":10,"minecraft:white_bed":1,"mmorpg:weapon/staff/wood":12,"minecraft:spruce_log":1,"minecraft:dark_oak_log":3,"minecraft:spider_eye":24,"alexsmobs:animal_dictionary":6,"mmorpg:jewel/int":7,"alexsmobs:raw_catfish":1,"mmorpg:gems/garnet/0":2,"minecraft:angler_pottery_sherd":1,"minecraft:snort_pottery_sherd":1,"minecraft:diamond":25,"mmorpg:jewelry/necklace/gold":3,"minecraft:iron_helmet":4,"minecraft:blue_ice":4,"minecraft:crossbow":5,"minecraft:golden_apple":4,"minecraft:emerald":5,"minecraft:bread":46,"alexsmobs:maggot":1,"minecraft:oak_sapling":5,"mmorpg:offhand/dodge/iron":2,"minecraft:coal":1},"minecraft:killed":{"minecraft:witch":1,"minecraft:spider":22,"minecraft:vindicator":11,"alexsmobs:murmur":1,"alexsmobs:seagull":1,"creeperoverhaul:dripstone_creeper":2,"alexsmobs:sugar_glider":1,"alexsmobs:froststalker":3,"creeperoverhaul:snowy_creeper":11,"minecraft:skeleton":34,"alexsmobs:banana_slug":1,"minecraft:chicken":1,"alexsmobs:bison":4,"creeperoverhaul:cave_creeper":1,"alexsmobs:centipede_head":1,"alexsmobs:tusklin":3,"goblintraders:goblin_trader":2,"minecraft:husk":1,"minecraft:parrot":2,"minecraft:pig":4,"alexsmobs:grizzly_bear":1,"minecraft:frog":1,"minecraft:creeper":8,"minecraft:pillager":24,"minecraft:zombie":46,"alexsmobs:flutter":1,"alexsmobs:crocodile":1,"minecraft:donkey":1,"alexsmobs:cockroach":1,"minecraft:stray":3,"alexsmobs:moose":1,"minecraft:cow":1,"chococraft:chocobo":3},"minecraft:mined":{"minecraft:dark_oak_planks":1,"minecraft:tuff":1,"minecraft:white_bed":1,"minecraft:oak_sapling":1,"minecraft:deepslate_diamond_ore":25,"minecraft:andesite_stairs":1,"minecraft:dark_oak_log":3,"minecraft:ladder":5,"gravestone:gravestone":2,"minecraft:spruce_fence":1,"minecraft:grass_block":275,"minecraft:decorated_pot":2,"minecraft:black_stained_glass_pane":2,"minecraft:spruce_leaves":3,"minecraft:moss_block":7,"minecraft:spawner":8,"minecraft:large_fern":2,"minecraft:hay_block":17,"minecraft:tall_seagrass":1,"minecraft:raw_gold_block":3,"minecraft:cobbled_deepslate":1,"minecraft:andesite":1,"minecraft:azure_bluet":1,"chococraft:gysahl_green":43,"minecraft:dirt_path":1,"minecraft:bamboo":1,"minecraft:stone":1,"minecraft:tripwire":1,"minecraft:kelp_plant":2,"minecraft:crafting_table":6,"minecraft:calcite":1,"minecraft:oxidized_copper":1,"minecraft:melon":2,"minecraft:chest":7,"minecraft:tall_grass":73,"minecraft:deepslate_gold_ore":1,"minecraft:oak_planks":1,"minecraft:sugar_cane":3,"minecraft:blue_bed":5,"minecraft:pink_petals":4,"minecraft:lilac":1,"minecraft:spruce_log":1,"minecraft:stone_brick_stairs":1,"minecraft:grass":322,"minecraft:coal_ore":1,"minecraft:oak_log":5,"minecraft:gravel":1,"minecraft:dirt":16,"minecraft:cobweb":3,"minecraft:smooth_basalt":1,"minecraft:polished_andesite":1,"minecraft:stone_bricks":1,"minecraft:deepslate":28},"minecraft:crafted":{"minecraft:oak_planks":9,"minecraft:dark_oak_boat":1,"minecraft:chest":2,"minecraft:dark_oak_planks":3,"minecraft:wheat":16,"minecraft:cooked_porkchop":11,"minecraft:crafting_table":2,"minecraft:spruce_planks":5,"minecraft:bread":48,"minecraft:air":258,"mmorpg:jewelry/ring/gold":1,"minecraft:stick":2,"minecraft:iron_shovel":1,"chococraft:chocobo_saddle":1},"minecraft:used":{"minecraft:moss_block":5,"minecraft:moss_carpet":1,"minecraft:writable_book":1,"minecraft:iron_shovel":267,"minecraft:ladder":1,"minecraft:decorated_pot":1,"minecraft:chest":9,"minecraft:spruce_planks":20,"minecraft:iron_sword":236,"minecraft:dirt":67,"minecraft:dark_oak_planks":1,"minecraft:diamond_helmet":1,"minecraft:salmon_bucket":1,"minecraft:carrot":10,"minecraft:lava_bucket":1,"minecraft:iron_axe":42,"minecraft:smooth_basalt":2,"minecraft:dark_oak_boat":3,"minecraft:hay_block":1,"minecraft:oak_sapling":1,"minecraft:cobbled_deepslate":19,"minecraft:iron_leggings":2,"minecraft:calcite":1,"minecraft:water_bucket":54,"minecraft:oak_planks":1,"minecraft:sugar_cane":4,"minecraft:blue_bed":4,"minecraft:white_wool":2,"minecraft:crafting_table":6,"minecraft:white_bed":1,"minecraft:bread":15,"minecraft:melon_slice":4,"minecraft:string":1,"minecraft:iron_pickaxe":102,"minecraft:gravel":1,"mmorpg:weapon/staff/wood":13,"minecraft:cobblestone":1,"minecraft:cooked_porkchop":8,"minecraft:bucket":57,"chococraft:gysahl_green":2},"minecraft:dropped":{"sophisticatedbackpacks:iron_backpack":2,"minecraft:iron_sword":2,"minecraft:porkchop":5,"minecraft:wheat_seeds":1,"minecraft:diamond":3,"minecraft:cobblestone":1,"alexsmobs:bison_fur":1,"mmorpg:weapon/staff/wood":2,"minecraft:dirt":8,"chococraft:chocobo_drumstick_raw":4,"minecraft:map":1,"minecraft:iron_leggings":1,"gravestone:obituary":1,"minecraft:flowering_azalea":2,"minecraft:dark_oak_planks":3,"minecraft:string":2,"minecraft:player_head":1,"chococraft:chocobo_feather":1,"minecraft:spruce_fence":1,"minecraft:iron_chestplate":1,"minecraft:leather_leggings":1,"doggytalents:rice_grains":1,"sophisticatedbackpacks:copper_backpack":1,"minecraft:arrow":2,"minecraft:bow":1,"mmorpg:jewelry/ring/iron":2},"minecraft:broken":{"minecraft:iron_shovel":1,"minecraft:iron_boots":1,"minecraft:iron_chestplate":1,"minecraft:iron_leggings":1,"minecraft:chainmail_chestplate":1,"minecraft:iron_sword":1,"minecraft:iron_helmet":2},"minecraft:custom":{"minecraft:blood":0,"minecraft:mob_kills":210,"minecraft:dexterity":13,"minecraft:interact_with_crafting_table":9,"minecraft:open_barrel":77,"minecraft:leave_game":3,"minecraft:damage_dealt_resisted":25,"minecraft:time_since_death":76829,"minecraft:mana":260,"minecraft:magic_shield":0,"minecraft:damage_resisted":0,"minecraft:sprint_one_cm":691306,"minecraft:climb_one_cm":4907,"minecraft:walk_one_cm":364236,"minecraft:drop":35,"minecraft:health":250,"minecraft:damage_dealt_absorbed":107,"minecraft:talked_to_villager":1,"minecraft:play_time":202325,"minecraft:sneak_time":4907,"minecraft:deaths":11,"minecraft:walk_under_water_one_cm":34880,"minecraft:boat_one_cm":205319,"minecraft:jump":4668,"minecraft:energy":270,"minecraft:interact_with_blast_furnace":1,"minecraft:walk_on_water_one_cm":41351,"minecraft:total_world_time":202325,"minecraft:interact_with_furnace":7,"minecraft:intelligence":12,"minecraft:move_speed":0,"minecraft:sleep_in_bed":2,"minecraft:levels_gained":10,"minecraft:time_since_rest":76849,"minecraft:damage_taken":17445,"minecraft:damage_absorbed":9735,"minecraft:damage_dealt":10296,"minecraft:swim_one_cm":108014,"minecraft:fly_one_cm":1219405,"minecraft:crouch_one_cm":12367,"minecraft:open_chest":61,"minecraft:strength":16,"minecraft:interact_with_smoker":4,"minecraft:fall_one_cm":172844,"minecraft:inspect_dispenser":4}},"DataVersion":3465}