{"stats":{"minecraft:killed_by":{"minecraft:creeper":1,"alexsmobs:murmur_head":1,"minecraft:zombie":3,"minecraft:elder_guardian":3,"minecraft:player":1,"minecraft:enderman":1,"minecraft:skeleton":1},"minecraft:picked_up":{"chococraft:loverly_gysahl_green":4,"minecraft:iron_chestplate":5,"aquaculture:synodontis":1,"minecraft:stone_brick_stairs":1,"mmorpg:skill_gems/aura/dex":1,"minecraft:string":42,"aquaculture:muskellunge":1,"minecraft:iron_leggings":7,"minecraft:diamond_leggings":1,"mmorpg:map":1,"minecraft:cobbled_deepslate":71,"minecraft:bucket":1,"mmorpg:gems/tourmaline/0":4,"minecraft:calcite":1,"minecraft:azalea":8,"mmorpg:currency/chaos_orb":1,"minecraft:iron_pickaxe":3,"minecraft:melon_slice":7,"mmorpg:gems/amethyst/0":1,"mmorpg:currency/socket_adder":1,"minecraft:iron_boots":3,"minecraft:tipped_arrow":6,"mmorpg:gems/opal/0":14,"mmorpg:gems/emerald/0":11,"minecraft:stick":14,"minecraft:sheaf_pottery_sherd":1,"minecraft:big_dripleaf":20,"minecraft:oak_fence":12,"minecraft:torch":2,"minecraft:porkchop":21,"mmorpg:jewelry/necklace/iron":3,"minecraft:honeycomb_block":3,"alexsmobs:centipede_leg":2,"minecraft:cactus":1,"minecraft:rotten_flesh":50,"chococraft:chocobo_drumstick_raw":20,"minecraft:cobblestone":65,"minecraft:feather":9,"minecraft:oxidized_copper":1,"minecraft:dark_oak_boat":2,"mmorpg:gems/azurite/0":2,"alexsmobs:bison_fur":2,"minecraft:flint":26,"minecraft:tuff":3,"minecraft:dirt":641,"minecraft:bone":37,"minecraft:bow":12,"minecraft:wheat_seeds":134,"minecraft:raw_gold":6,"minecraft:bamboo":6,"minecraft:moss_block":43,"minecraft:oak_planks":35,"mmorpg:skill_gems/support/str":3,"minecraft:cooked_porkchop":20,"sophisticatedbackpacks:iron_backpack":10,"mmorpg:jewelry/ring/gold":1,"minecraft:dark_oak_log":3,"alexsmobs:animal_dictionary":6,"mmorpg:jewel/int":7,"mmorpg:gems/garnet/0":2,"minecraft:polished_andesite":1,"minecraft:diamond":29,"minecraft:angler_pottery_sherd":1,"minecraft:crossbow":5,"minecraft:blue_ice":4,"minecraft:golden_apple":4,"minecraft:bread":46,"minecraft:emerald":5,"alexsmobs:maggot":1,"minecraft:oak_sapling":39,"minecraft:crafting_table":6,"mmorpg:gems/topaz/1":2,"minecraft:azure_bluet":1,"minecraft:ladder":1,"minecraft:clay_ball":227,"minecraft:leather_leggings":1,"mmorpg:jewelry/ring/iron":6,"gravestone:obituary":4,"minecraft:shield":4,"minecraft:cornflower":1,"minecraft:moss_carpet":26,"minecraft:iron_axe":1,"minecraft:flint_and_steel":1,"minecraft:compass":1,"minecraft:iron_shovel":1,"minecraft:cyan_carpet":4,"minecraft:beef":16,"minecraft:andesite_stairs":1,"alexsmobs:elastic_tendon":1,"minecraft:player_head":1,"minecraft:chest":7,"minecraft:sugar_cane":4,"mmorpg:offhand/tome/iron":2,"mmorpg:skill_gems/support/dex":3,"minecraft:raw_gold_block":3,"sophisticatedbackpacks:backpack":4,"minecraft:spruce_fence":2,"mmorpg:skill_gems/support/int":4,"minecraft:carrot":8,"alexsmobs:crocodile_scute":10,"minecraft:dark_oak_planks":1,"minecraft:arrow":63,"minecraft:decorated_pot":1,"minecraft:pumpkin_pie":1,"minecraft:shears":3,"minecraft:hay_block":22,"minecraft:gold_ingot":80,"sophisticatedbackpacks:copper_backpack":2,"minecraft:glow_berries":4,"minecraft:rail":4,"minecraft:white_wool":4,"minecraft:clock":1,"minecraft:leather":7,"doggytalents:rice_grains":110,"minecraft:oak_log":6,"minecraft:chainmail_chestplate":5,"mmorpg:currency/map_rarity_upgrade":5,"minecraft:gunpowder":96,"minecraft:blue_bed":10,"minecraft:cooked_mutton":1,"chococraft:chocobo_feather":4,"chococraft:gysahl_green":247,"minecraft:apple":1,"minecraft:stone_bricks":1,"chococraft:gold_gysahl":3,"minecraft:kelp":4,"aquaculture:pacific_halibut":1,"minecraft:spore_blossom":1,"minecraft:iron_ingot":32,"aquaculture:pollock":1,"minecraft:flowering_azalea":5,"minecraft:iron_sword":16,"minecraft:book":72,"aquaculture:smallmouth_bass":1,"minecraft:smooth_basalt":2,"minecraft:dandelion":9,"minecraft:gravel":4,"minecraft:spruce_sapling":2,"chococraft:gysahl_green_seeds":68,"mmorpg:weapon/staff/wood":12,"minecraft:white_bed":1,"minecraft:spruce_log":1,"minecraft:spider_eye":25,"alexsmobs:raw_catfish":1,"minecraft:snort_pottery_sherd":1,"minecraft:honey_block":54,"minecraft:iron_helmet":4,"mmorpg:jewelry/necklace/gold":3,"minecraft:coal":1,"mmorpg:offhand/dodge/iron":2},"minecraft:killed":{"minecraft:witch":1,"minecraft:spider":23,"alexsmobs:murmur":1,"alexsmobs:froststalker":3,"creeperoverhaul:dripstone_creeper":2,"minecraft:skeleton":36,"alexsmobs:banana_slug":1,"minecraft:chicken":1,"creeperoverhaul:cave_creeper":1,"alexsmobs:centipede_head":1,"minecraft:parrot":2,"minecraft:pig":4,"alexsmobs:grizzly_bear":1,"alexsmobs:seal":1,"minecraft:creeper":8,"minecraft:pillager":24,"alexsmobs:flutter":1,"minecraft:donkey":1,"minecraft:zombie":49,"minecraft:stray":3,"minecraft:cow":1,"chococraft:chocobo":3,"minecraft:vindicator":11,"alexsmobs:seagull":1,"alexsmobs:sugar_glider":1,"creeperoverhaul:snowy_creeper":11,"alexsmobs:bison":4,"alexsmobs:tusklin":3,"goblintraders:goblin_trader":2,"minecraft:husk":1,"minecraft:frog":1,"alexsmobs:cockroach":1,"alexsmobs:crocodile":1,"alexsmobs:moose":1},"minecraft:mined":{"minecraft:dark_oak_planks":1,"minecraft:white_bed":1,"minecraft:oak_sapling":1,"minecraft:andesite_stairs":1,"minecraft:grass_block":276,"minecraft:spawner":8,"minecraft:tall_seagrass":1,"minecraft:cobbled_deepslate":1,"minecraft:moss_carpet":1,"minecraft:azure_bluet":1,"chococraft:gysahl_green":43,"minecraft:dirt_path":1,"minecraft:azalea":1,"minecraft:tripwire":1,"minecraft:kelp_plant":2,"minecraft:clay":3,"minecraft:calcite":1,"minecraft:oxidized_copper":1,"minecraft:melon":2,"minecraft:chest":7,"minecraft:cobblestone":12,"minecraft:honeycomb_block":3,"minecraft:sugar_cane":3,"minecraft:oak_planks":2,"minecraft:pink_petals":4,"minecraft:lilac":1,"minecraft:stone_brick_stairs":1,"minecraft:grass":325,"minecraft:oak_log":5,"minecraft:dirt":19,"minecraft:smooth_basalt":1,"minecraft:deepslate":38,"minecraft:tuff":4,"minecraft:deepslate_diamond_ore":29,"minecraft:dark_oak_log":3,"gravestone:gravestone":3,"minecraft:ladder":5,"minecraft:spruce_fence":1,"minecraft:decorated_pot":2,"minecraft:spruce_leaves":3,"minecraft:moss_block":14,"minecraft:large_fern":2,"minecraft:hay_block":17,"minecraft:black_stained_glass_pane":2,"minecraft:raw_gold_block":3,"minecraft:andesite":1,"minecraft:big_dripleaf_stem":1,"minecraft:bamboo":1,"minecraft:stone":53,"minecraft:crafting_table":6,"minecraft:honey_block":58,"minecraft:tall_grass":75,"minecraft:deepslate_gold_ore":1,"minecraft:blue_bed":5,"minecraft:spruce_log":1,"minecraft:bee_nest":1,"minecraft:coal_ore":1,"minecraft:gravel":1,"minecraft:cobweb":3,"minecraft:stone_bricks":1,"minecraft:polished_andesite":1},"minecraft:crafted":{"minecraft:oak_planks":9,"minecraft:dark_oak_boat":1,"minecraft:chest":2,"minecraft:cooked_porkchop":11,"minecraft:crafting_table":2,"minecraft:spruce_planks":5,"mmorpg:jewelry/ring/gold":1,"minecraft:stick":2,"minecraft:dark_oak_planks":3,"minecraft:wheat":16,"minecraft:bread":48,"minecraft:air":258,"minecraft:iron_shovel":1,"chococraft:chocobo_saddle":1},"minecraft:used":{"minecraft:moss_block":5,"minecraft:moss_carpet":1,"minecraft:writable_book":1,"minecraft:iron_shovel":273,"minecraft:ladder":1,"minecraft:decorated_pot":1,"minecraft:chest":9,"minecraft:iron_sword":236,"minecraft:carrot":10,"minecraft:tuff":1,"minecraft:axolotl_bucket":3,"minecraft:lava_bucket":1,"minecraft:stone_bricks":1,"minecraft:dark_oak_boat":3,"minecraft:hay_block":1,"minecraft:oak_sapling":1,"minecraft:oak_planks":1,"minecraft:blue_bed":4,"minecraft:sugar_cane":4,"minecraft:white_wool":2,"minecraft:melon_slice":4,"minecraft:bread":17,"minecraft:string":1,"minecraft:gravel":1,"chococraft:gysahl_green":2,"minecraft:spruce_planks":20,"minecraft:dirt":67,"minecraft:diamond_helmet":1,"minecraft:salmon_bucket":1,"minecraft:dark_oak_planks":1,"minecraft:iron_axe":45,"minecraft:smooth_basalt":2,"minecraft:cobbled_deepslate":19,"minecraft:iron_leggings":2,"minecraft:calcite":1,"minecraft:water_bucket":64,"minecraft:polished_andesite":1,"minecraft:crafting_table":6,"minecraft:white_bed":1,"minecraft:apple":1,"minecraft:iron_pickaxe":252,"mmorpg:weapon/staff/wood":13,"minecraft:cobblestone":31,"minecraft:cooked_porkchop":8,"minecraft:bucket":70},"minecraft:dropped":{"sophisticatedbackpacks:iron_backpack":2,"minecraft:iron_sword":2,"minecraft:porkchop":5,"minecraft:diamond":3,"alexsmobs:bison_fur":1,"minecraft:dirt":12,"gravestone:obituary":1,"minecraft:dark_oak_planks":3,"minecraft:leather_leggings":1,"doggytalents:rice_grains":1,"minecraft:arrow":2,"minecraft:wheat_seeds":1,"minecraft:cobblestone":1,"mmorpg:weapon/staff/wood":2,"chococraft:chocobo_drumstick_raw":4,"minecraft:map":1,"minecraft:iron_leggings":1,"minecraft:flowering_azalea":2,"minecraft:string":2,"minecraft:player_head":1,"chococraft:chocobo_feather":1,"minecraft:spruce_fence":1,"minecraft:iron_chestplate":1,"sophisticatedbackpacks:copper_backpack":1,"minecraft:bow":1,"mmorpg:jewelry/ring/iron":2},"minecraft:broken":{"minecraft:iron_shovel":1,"minecraft:iron_boots":1,"minecraft:iron_chestplate":1,"minecraft:iron_leggings":1,"minecraft:chainmail_chestplate":1,"minecraft:iron_sword":1,"minecraft:iron_helmet":2},"minecraft:custom":{"minecraft:blood":0,"minecraft:dexterity":13,"minecraft:interact_with_crafting_table":9,"minecraft:open_barrel":80,"minecraft:leave_game":4,"minecraft:time_since_death":1424,"minecraft:damage_resisted":0,"minecraft:sprint_one_cm":751998,"minecraft:drop":36,"minecraft:health":250,"minecraft:talked_to_villager":1,"minecraft:play_time":220748,"minecraft:deaths":12,"minecraft:jump":5147,"minecraft:energy":280,"minecraft:walk_on_water_one_cm":51006,"minecraft:interact_with_furnace":7,"minecraft:intelligence":12,"minecraft:sleep_in_bed":2,"minecraft:levels_gained":11,"minecraft:damage_dealt":10310,"minecraft:crouch_one_cm":13064,"minecraft:interact_with_smoker":4,"minecraft:inspect_dispenser":4,"minecraft:mob_kills":218,"minecraft:damage_dealt_resisted":25,"minecraft:climb_one_cm":4907,"minecraft:mana":270,"minecraft:magic_shield":0,"minecraft:walk_one_cm":382644,"minecraft:damage_dealt_absorbed":107,"minecraft:sneak_time":5388,"minecraft:walk_under_water_one_cm":37068,"minecraft:boat_one_cm":205319,"minecraft:interact_with_blast_furnace":1,"minecraft:total_world_time":220748,"minecraft:move_speed":0,"minecraft:time_since_rest":1569,"minecraft:damage_taken":19111,"minecraft:damage_absorbed":9937,"minecraft:swim_one_cm":137781,"minecraft:fly_one_cm":1332133,"minecraft:open_chest":62,"minecraft:strength":16,"minecraft:fall_one_cm":190510}},"DataVersion":3465}