{"stats":{"minecraft:mined":{"minecraft:dark_oak_planks":4,"minecraft:andesite_stairs":2,"minecraft:jungle_leaves":5,"minecraft:brewing_stand":1,"minecraft:cave_vines_plant":3,"minecraft:grass_block":371,"minecraft:jungle_log":6,"minecraft:light_gray_bed":8,"minecraft:spawner":1,"minecraft:smooth_stone":3,"minecraft:iron_ore":88,"minecraft:cobbled_deepslate":4,"minecraft:fire":3,"minecraft:cave_vines":8,"minecraft:light_gray_concrete":3,"creepingwoods:creeping_birch_log":1,"minecraft:spruce_slab":1,"minecraft:brown_mushroom":32,"minecraft:smoker":2,"minecraft:clay":5,"minecraft:chest":2,"minecraft:mushroom_stem":4,"minecraft:cobblestone":13,"minecraft:lilac":5,"minecraft:stone_brick_stairs":1,"minecraft:grass":126,"minecraft:sand":6,"minecraft:dirt":42,"minecraft:oak_leaves":9,"minecraft:deepslate":22,"minecraft:tuff":4,"minecraft:dark_oak_leaves":1,"minecraft:deepslate_diamond_ore":4,"farmersdelight:wild_carrots":20,"minecraft:dark_oak_log":5,"gravestone:gravestone":42,"minecraft:dark_oak_fence":1,"minecraft:allium":1,"minecraft:jungle_planks":1,"minecraft:spruce_leaves":1,"minecraft:moss_block":2,"minecraft:red_mushroom":16,"minecraft:large_fern":18,"minecraft:hay_block":16,"farmersdelight:wild_onions":5,"minecraft:furnace":4,"minecraft:andesite":16,"treechop:chopped_log":27,"minecraft:bookshelf":3,"minecraft:deepslate_iron_ore":86,"minecraft:vine":27,"minecraft:lantern":1,"minecraft:bamboo_sapling":4,"minecraft:bamboo":70,"minecraft:stone":319,"minecraft:white_tulip":5,"minecraft:crafting_table":7,"minecraft:lectern":1,"minecraft:stone_slab":7,"minecraft:tall_grass":23,"minecraft:copper_ore":14,"born_in_chaos_v1:chipped_black_argillite_brick":3,"minecraft:deepslate_gold_ore":1,"minecraft:blue_bed":5,"minecraft:spruce_stairs":1,"minecraft:sweet_berry_bush":27,"minecraft:spruce_log":9,"minecraft:birch_leaves":1,"minecraft:coal_ore":51,"minecraft:gravel":29,"minecraft:dripstone_block":2,"minecraft:cobweb":7,"minecraft:stone_bricks":8,"minecraft:small_dripleaf":2,"minecraft:mossy_stone_bricks":1,"minecraft:fern":30},"minecraft:killed":{"born_in_chaos_v1:skeleton_demoman":1,"minecraft:spider":11,"minecraft:skeleton":8,"minecraft:chicken":7,"born_in_chaos_v1:firelight_not_despawn":1,"minecraft:pig":15,"mokey:mokey":2,"born_in_chaos_v1:diamond_termite":2,"minecraft:iron_golem":1,"minecraft:creeper":7,"kevin_trophy:blister_zombie":1,"minecraft:sheep":20,"minecraft:trader_llama":2,"minecraft:zombie":49,"born_in_chaos_v1:dread_hound":7,"born_in_chaos_v1:corpse_fly":7,"minecraft:cow":19,"weeping_angels:weeping_angel":1,"hordes:zombie_player":19,"born_in_chaos_v1:zombie_bruiser":1,"born_in_chaos_v1:maggot":26,"kevin_trophy:spitter_zombie":1,"minecraft:drowned":14,"born_in_chaos_v1:corpse_fish":2,"born_in_chaos_v1:baby_skeleton":1,"minecraft:wandering_trader":1,"born_in_chaos_v1:decrepit_skeleton":5,"whisperwoods:zotzpyre":6,"kevin_trophy:crawler_zombie":1},"minecraft:used":{"minecraft:moss_block":1,"sophisticatedbackpacks:copper_backpack":1,"minecraft:chest":8,"minecraft:shield":80,"minecraft:rotten_flesh":2,"minecraft:jungle_planks":2,"minecraft:carrot":7,"minecraft:allium":2,"minecraft:tuff":3,"minecraft:lava_bucket":8,"minecraft:dark_oak_wood":6,"minecraft:stone_bricks":56,"farmersdelight:wheat_dough":1,"minecraft:dark_oak_boat":2,"minecraft:furnace":13,"minecraft:dark_oak_sapling":1,"minecraft:stone_pickaxe":465,"minecraft:wooden_pickaxe":29,"minecraft:blue_bed":4,"minecraft:clay":3,"minecraft:mushroom_stew":28,"minecraft:blast_furnace":1,"minecraft:dripstone_block":1,"sophisticatedbackpacks:backpack":1,"minecraft:bread":47,"minecraft:gravel":7,"minecraft:wooden_sword":88,"minecraft:andesite":14,"minecraft:bone_meal":1,"minecraft:azalea":1,"minecraft:stone_sword":447,"minecraft:stone_shovel":449,"minecraft:spruce_planks":8,"minecraft:wooden_shovel":19,"born_in_chaos_v1:fried_maggot":4,"minecraft:dirt":441,"cgm:workbench":1,"minecraft:chainmail_chestplate":1,"minecraft:dark_oak_planks":65,"born_in_chaos_v1:chipped_black_argillite_brick":4,"minecraft:iron_axe":391,"minecraft:slime_block":1,"minecraft:jungle_log":3,"minecraft:iron_boots":2,"minecraft:bamboo":367,"minecraft:cooked_beef":14,"minecraft:cobbled_deepslate":18,"minecraft:light_gray_bed":5,"minecraft:iron_leggings":2,"minecraft:cooked_mutton":9,"minecraft:water_bucket":30,"minecraft:birch_planks":24,"cgm:pistol":78,"minecraft:baked_potato":3,"minecraft:brown_mushroom":1,"minecraft:fletching_table":1,"farmersdelight:onion":10,"minecraft:crafting_table":11,"minecraft:light_gray_concrete_powder":3,"minecraft:spruce_log":12,"minecraft:oak_log":1,"minecraft:iron_pickaxe":262,"minecraft:stone_axe":220,"minecraft:cobblestone":223,"minecraft:cooked_porkchop":18,"minecraft:bucket":42},"minecraft:dropped":{"minecraft:brown_mushroom":13,"minecraft:dark_oak_sapling":29,"minecraft:cooked_porkchop":9,"minecraft:red_mushroom":1,"minecraft:item_frame":2,"minecraft:dirt":2,"minecraft:dark_oak_log":77,"minecraft:dark_oak_fence":1,"minecraft:jungle_sapling":14,"gravestone:obituary":20,"minecraft:writable_book":1,"minecraft:iron_pickaxe":1,"minecraft:blue_bed":2,"minecraft:armor_stand":1,"minecraft:gravel":4,"minecraft:stripped_dark_oak_log":3,"minecraft:rotten_flesh":7,"minecraft:poppy":1,"minecraft:beetroot_seeds":1,"born_in_chaos_v1:corpse_maggot":1,"minecraft:jungle_log":300,"farmersdelight:tomato_seeds":3,"minecraft:water_bucket":1,"minecraft:iron_ingot":3,"minecraft:wheat_seeds":4,"minecraft:feather":9,"minecraft:cobblestone":30,"minecraft:spruce_stairs":1,"minecraft:coal":20,"minecraft:mushroom_stew":28,"minecraft:stick":20,"minecraft:gray_wool":1,"minecraft:iron_leggings":1,"minecraft:iron_axe":2,"minecraft:stone_sword":1,"minecraft:bowl":1,"minecraft:raw_iron":71,"minecraft:iron_boots":11,"sophisticatedbackpacks:backpack":3,"minecraft:shield":1,"minecraft:allium":1,"minecraft:spruce_planks":2,"minecraft:light_gray_bed":3,"minecraft:andesite_stairs":3,"minecraft:spider_eye":1,"minecraft:bamboo":119,"minecraft:stone_pickaxe":1},"minecraft:custom":{"minecraft:interact_with_crafting_table":48,"minecraft:open_barrel":6,"minecraft:leave_game":11,"minecraft:time_since_death":7415,"minecraft:sprint_one_cm":1043078,"minecraft:damage_blocked_by_shield":2525,"minecraft:drop":108,"minecraft:talked_to_villager":45,"minecraft:play_time":284043,"minecraft:deaths":77,"minecraft:jump":6245,"minecraft:walk_on_water_one_cm":32599,"minecraft:interact_with_furnace":79,"minecraft:traded_with_villager":151,"minecraft:sleep_in_bed":15,"minecraft:damage_dealt":35318,"minecraft:player_kills":10,"minecraft:crouch_one_cm":43300,"minecraft:mob_kills":241,"minecraft:damage_dealt_resisted":76,"minecraft:climb_one_cm":9785,"minecraft:walk_one_cm":672476,"minecraft:damage_dealt_absorbed":114,"minecraft:sneak_time":17851,"minecraft:walk_under_water_one_cm":15810,"minecraft:boat_one_cm":58784,"minecraft:total_world_time":284043,"minecraft:time_since_rest":7440,"minecraft:damage_taken":28986,"minecraft:swim_one_cm":45789,"minecraft:fly_one_cm":1305244,"minecraft:open_chest":189,"minecraft:fall_one_cm":149389},"minecraft:killed_by":{"minecraft:creeper":8,"born_in_chaos_v1:zombie_bruiser":1,"kevin_trophy:crawler_zombie":1,"minecraft:chicken":1,"midnightlurker:void_hands":2,"born_in_chaos_v1:diamond_termite":1,"the_one_who_watches:toww_running":2,"minecraft:zombie":7,"thestarvedstalker:the_starved_stalker_aggro":10,"minecraft:player":18,"born_in_chaos_v1:swarmer":1,"whisperwoods:zotzpyre":2,"hordes:zombie_player":5,"goatman:goatman":2,"born_in_chaos_v1:decrepit_skeleton":1,"minecraft:skeleton":4,"kevin_trophy:blister_zombie":5,"born_in_chaos_v1:door_knight":2,"midnightlurker:midnight_lurker_unprovoked":2},"minecraft:broken":{"minecraft:stone_pickaxe":3,"minecraft:wooden_sword":1,"minecraft:stone_axe":1,"minecraft:stone_shovel":2,"minecraft:leather_helmet":1,"minecraft:stone_sword":2,"minecraft:leather_chestplate":1,"minecraft:iron_axe":1,"minecraft:iron_pickaxe":1},"minecraft:crafted":{"minecraft:light_gray_concrete_powder":8,"minecraft:smooth_stone":6,"minecraft:dark_oak_boat":1,"minecraft:stone":54,"minecraft:cooked_mutton":9,"minecraft:diamond_helmet":1,"minecraft:diamond_leggings":2,"minecraft:iron_boots":13,"minecraft:chest":8,"minecraft:stone_bricks":48,"sophisticatedbackpacks:backpack":1,"minecraft:emerald":116,"minecraft:cooked_porkchop":20,"minecraft:crafting_table":6,"minecraft:spruce_planks":96,"minecraft:wooden_pickaxe":2,"minecraft:copper_ingot":17,"minecraft:fletching_table":1,"minecraft:birch_planks":24,"farmersdelight:wheat_dough":3,"minecraft:shield":4,"minecraft:stick":3624,"minecraft:iron_ingot":17,"minecraft:iron_pickaxe":2,"minecraft:stone_sword":5,"minecraft:light_gray_dye":1,"minecraft:wooden_sword":1,"minecraft:stone_shovel":6,"minecraft:furnace":10,"minecraft:blast_furnace":1,"minecraft:mushroom_stew":67,"minecraft:iron_axe":2,"born_in_chaos_v1:fried_maggot":4,"minecraft:stone_pickaxe":5,"minecraft:diamond_boots":2,"minecraft:dark_oak_planks":272,"cgm:workbench":1,"minecraft:wheat":144,"minecraft:cooked_beef":19,"minecraft:bowl":76,"minecraft:bucket":4,"minecraft:stone_axe":4,"minecraft:jungle_planks":2048,"minecraft:bread":47,"minecraft:air":0,"minecraft:chainmail_boots":2,"minecraft:iron_leggings":4,"minecraft:clay":3,"minecraft:diamond_chestplate":1},"minecraft:picked_up":{"minecraft:iron_chestplate":2,"cgm:basic_bullet":449,"minecraft:stone_slab":6,"minecraft:lead":2,"minecraft:stone_brick_stairs":1,"minecraft:brewing_stand":1,"minecraft:string":16,"minecraft:raw_copper":48,"minecraft:iron_leggings":5,"minecraft:armor_stand":1,"minecraft:cobbled_deepslate":41,"minecraft:smooth_stone":1,"minecraft:bucket":4,"minecraft:spruce_planks":186,"minecraft:white_tulip":4,"minecraft:azalea":1,"minecraft:wooden_shovel":1,"minecraft:iron_pickaxe":7,"minecraft:furnace":5,"farmersdelight:cabbage_seeds":2,"minecraft:iron_boots":4,"minecraft:stick":153,"minecraft:spruce_stairs":1,"minecraft:porkchop":28,"minecraft:stone_sword":5,"minecraft:light_gray_bed":8,"minecraft:rotten_flesh":100,"minecraft:tropical_fish":1,"farmersdelight:onion":8,"minecraft:cobblestone":561,"minecraft:birch_log":12,"minecraft:leather_chestplate":2,"minecraft:cooked_beef":27,"minecraft:feather":10,"minecraft:lilac":4,"minecraft:andesite":21,"minecraft:water_bucket":2,"minecraft:jungle_log":1051,"minecraft:dark_oak_boat":1,"minecraft:golden_leggings":2,"minecraft:smoker":2,"minecraft:potato":9,"minecraft:flint":4,"minecraft:tuff":6,"minecraft:lapis_lazuli":3,"minecraft:dirt":479,"minecraft:lantern":2,"born_in_chaos_v1:monster_skin":4,"minecraft:bone":20,"minecraft:bow":1,"minecraft:wheat_seeds":44,"minecraft:raw_gold":1,"minecraft:mossy_stone_bricks":1,"minecraft:bamboo":1153,"minecraft:moss_block":4,"minecraft:cooked_porkchop":60,"minecraft:sand":6,"minecraft:fermented_spider_eye":1,"minecraft:dark_oak_log":108,"cgm:pistol":3,"minecraft:light_gray_concrete":3,"born_in_chaos_v1:fire_dust":1,"minecraft:diamond":4,"minecraft:slime_block":1,"minecraft:writable_book":1,"minecraft:granite":1,"minecraft:bone_meal":5,"minecraft:emerald":91,"minecraft:bread":57,"born_in_chaos_v1:rotten_fish":4,"minecraft:dark_oak_fence":1,"minecraft:crafting_table":7,"born_in_chaos_v1:diamond_termite_shard":2,"minecraft:allium":15,"minecraft:chicken":7,"minecraft:clay_ball":49,"minecraft:brown_mushroom":137,"minecraft:wooden_pickaxe":1,"gravestone:obituary":16,"minecraft:shield":1,"minecraft:large_fern":1,"minecraft:moss_carpet":1,"minecraft:iron_axe":11,"minecraft:wooden_sword":1,"minecraft:item_frame":2,"minecraft:beef":29,"minecraft:andesite_stairs":3,"minecraft:jungle_sapling":53,"minecraft:birch_sapling":2,"minecraft:poppy":2,"minecraft:lectern":1,"minecraft:chest":2,"minecraft:egg":1,"minecraft:dark_oak_sapling":51,"minecraft:raw_iron":203,"minecraft:copper_ingot":3,"minecraft:bowl":8,"sophisticatedbackpacks:backpack":6,"farmersdelight:tomato_seeds":3,"minecraft:carrot":18,"minecraft:dark_oak_planks":101,"minecraft:stone_shovel":8,"minecraft:arrow":5,"minecraft:hay_block":16,"sophisticatedbackpacks:copper_backpack":1,"minecraft:glow_berries":3,"minecraft:mutton":29,"minecraft:white_wool":18,"born_in_chaos_v1:corpse_maggot":28,"minecraft:clock":1,"born_in_chaos_v1:monster_flesh":10,"minecraft:glow_ink_sac":1,"minecraft:leather":26,"minecraft:fern":2,"minecraft:red_mushroom":147,"minecraft:mushroom_stew":32,"minecraft:oak_log":1,"minecraft:chainmail_chestplate":2,"minecraft:gunpowder":9,"minecraft:blue_bed":6,"minecraft:stone_bricks":8,"minecraft:iron_ingot":37,"minecraft:stone_pickaxe":4,"born_in_chaos_v1:chipped_black_argillite_brick":4,"minecraft:book":9,"minecraft:sweet_berries":68,"minecraft:quartz":1,"minecraft:spyglass":1,"minecraft:dripstone_block":1,"minecraft:gravel":19,"minecraft:spruce_sapling":3,"minecraft:blast_furnace":1,"minecraft:spruce_log":74,"minecraft:spider_eye":2,"minecraft:leather_helmet":1,"minecraft:stone_axe":4,"minecraft:iron_helmet":2,"knight_quest:kq_great_essence":1,"minecraft:gray_wool":1,"minecraft:baked_potato":3,"minecraft:dark_oak_wood":47,"minecraft:stripped_dark_oak_log":3,"minecraft:coal":80}},"DataVersion":3120}