{"stats":{"minecraft:killed_by":{"minecraft:creeper":1,"minecraft:enderman":1,"alexsmobs:murmur_head":1,"minecraft:skeleton":1,"minecraft:zombie":3,"minecraft:elder_guardian":3},"minecraft:picked_up":{"minecraft:crafting_table":1,"minecraft:iron_chestplate":4,"chococraft:loverly_gysahl_green":3,"minecraft:azure_bluet":1,"minecraft:ladder":1,"minecraft:clay_ball":213,"minecraft:leather_leggings":1,"mmorpg:jewelry/ring/iron":2,"gravestone:obituary":1,"minecraft:shield":4,"mmorpg:skill_gems/aura/dex":1,"minecraft:string":35,"minecraft:moss_carpet":22,"minecraft:iron_axe":1,"minecraft:flint_and_steel":1,"minecraft:iron_leggings":7,"minecraft:compass":1,"minecraft:iron_shovel":1,"minecraft:diamond_leggings":1,"minecraft:cobbled_deepslate":19,"mmorpg:gems/tourmaline/0":4,"minecraft:bucket":1,"minecraft:chest":2,"minecraft:beef":11,"alexsmobs:elastic_tendon":1,"minecraft:player_head":1,"minecraft:azalea":5,"mmorpg:currency/chaos_orb":1,"minecraft:iron_pickaxe":3,"minecraft:melon_slice":7,"mmorpg:offhand/tome/iron":2,"mmorpg:currency/socket_adder":1,"minecraft:tipped_arrow":6,"minecraft:iron_boots":3,"mmorpg:skill_gems/support/dex":2,"mmorpg:gems/opal/0":12,"mmorpg:gems/emerald/0":7,"minecraft:stick":12,"minecraft:raw_gold_block":3,"minecraft:big_dripleaf":18,"minecraft:spruce_fence":2,"sophisticatedbackpacks:backpack":3,"minecraft:porkchop":21,"mmorpg:jewelry/necklace/iron":2,"minecraft:carrot":8,"mmorpg:skill_gems/support/int":4,"alexsmobs:centipede_leg":2,"alexsmobs:crocodile_scute":10,"minecraft:arrow":56,"minecraft:cactus":1,"minecraft:rotten_flesh":46,"minecraft:shears":3,"minecraft:hay_block":17,"minecraft:gold_ingot":80,"sophisticatedbackpacks:copper_backpack":2,"chococraft:chocobo_drumstick_raw":19,"minecraft:glow_berries":3,"minecraft:white_wool":3,"minecraft:cobblestone":9,"minecraft:clock":1,"minecraft:feather":7,"minecraft:oxidized_copper":1,"minecraft:leather":5,"minecraft:dark_oak_boat":2,"doggytalents:rice_grains":89,"alexsmobs:bison_fur":2,"minecraft:oak_log":6,"minecraft:chainmail_chestplate":5,"minecraft:gunpowder":6,"mmorpg:currency/map_rarity_upgrade":5,"minecraft:blue_bed":10,"minecraft:dirt":92,"chococraft:chocobo_feather":2,"minecraft:bone":34,"chococraft:gysahl_green":203,"minecraft:apple":1,"chococraft:gold_gysahl":3,"minecraft:kelp":4,"minecraft:bow":12,"minecraft:wheat_seeds":111,"minecraft:raw_gold":6,"minecraft:spore_blossom":1,"minecraft:iron_ingot":32,"minecraft:moss_block":6,"minecraft:iron_sword":14,"minecraft:oak_planks":1,"minecraft:flowering_azalea":5,"minecraft:book":72,"mmorpg:skill_gems/support/str":2,"minecraft:smooth_basalt":1,"minecraft:cooked_porkchop":18,"minecraft:dandelion":2,"chococraft:gysahl_green_seeds":60,"minecraft:spruce_sapling":2,"sophisticatedbackpacks:iron_backpack":10,"mmorpg:weapon/staff/wood":11,"minecraft:spruce_log":1,"minecraft:dark_oak_log":3,"minecraft:spider_eye":24,"alexsmobs:animal_dictionary":6,"mmorpg:jewel/int":7,"minecraft:diamond":6,"mmorpg:jewelry/necklace/gold":3,"minecraft:iron_helmet":3,"minecraft:blue_ice":4,"minecraft:crossbow":4,"minecraft:golden_apple":3,"minecraft:emerald":5,"minecraft:bread":46,"minecraft:oak_sapling":3,"minecraft:coal":1},"minecraft:killed":{"minecraft:witch":1,"minecraft:spider":22,"minecraft:vindicator":11,"alexsmobs:murmur":1,"alexsmobs:seagull":1,"alexsmobs:sugar_glider":1,"alexsmobs:froststalker":3,"creeperoverhaul:dripstone_creeper":2,"creeperoverhaul:snowy_creeper":11,"minecraft:skeleton":28,"alexsmobs:banana_slug":1,"minecraft:chicken":1,"alexsmobs:bison":4,"creeperoverhaul:cave_creeper":1,"alexsmobs:centipede_head":1,"alexsmobs:tusklin":3,"goblintraders:goblin_trader":2,"minecraft:parrot":2,"minecraft:pig":4,"alexsmobs:grizzly_bear":1,"minecraft:creeper":8,"minecraft:pillager":24,"minecraft:zombie":44,"alexsmobs:flutter":1,"alexsmobs:crocodile":1,"minecraft:donkey":1,"alexsmobs:cockroach":1,"minecraft:stray":3,"alexsmobs:moose":1,"minecraft:cow":1,"chococraft:chocobo":3},"minecraft:mined":{"minecraft:oak_sapling":1,"minecraft:deepslate_diamond_ore":6,"minecraft:dark_oak_log":3,"minecraft:ladder":3,"gravestone:gravestone":2,"minecraft:spruce_fence":1,"minecraft:grass_block":62,"minecraft:spruce_leaves":2,"minecraft:moss_block":7,"minecraft:spawner":4,"minecraft:large_fern":2,"minecraft:hay_block":17,"minecraft:tall_seagrass":1,"minecraft:raw_gold_block":3,"minecraft:cobbled_deepslate":1,"minecraft:azure_bluet":1,"chococraft:gysahl_green":35,"minecraft:dirt_path":1,"minecraft:stone":1,"minecraft:tripwire":1,"minecraft:kelp_plant":2,"minecraft:crafting_table":1,"minecraft:oxidized_copper":1,"minecraft:melon":2,"minecraft:chest":2,"minecraft:tall_grass":72,"minecraft:deepslate_gold_ore":1,"minecraft:oak_planks":1,"minecraft:blue_bed":5,"minecraft:lilac":1,"minecraft:spruce_log":1,"minecraft:grass":315,"minecraft:oak_log":5,"minecraft:coal_ore":1,"minecraft:dirt":13,"minecraft:cobweb":3,"minecraft:deepslate":21},"minecraft:crafted":{"minecraft:oak_planks":5,"minecraft:dark_oak_boat":1,"minecraft:chest":2,"minecraft:dark_oak_planks":3,"minecraft:wheat":16,"minecraft:crafting_table":2,"minecraft:spruce_planks":5,"minecraft:bread":48,"minecraft:air":249,"chococraft:chocobo_saddle":1},"minecraft:used":{"minecraft:moss_block":5,"minecraft:moss_carpet":1,"minecraft:writable_book":1,"minecraft:iron_shovel":51,"minecraft:ladder":1,"minecraft:chest":4,"minecraft:spruce_planks":20,"minecraft:iron_sword":236,"minecraft:dirt":62,"minecraft:salmon_bucket":1,"minecraft:carrot":10,"minecraft:iron_axe":25,"minecraft:smooth_basalt":1,"minecraft:dark_oak_boat":3,"minecraft:hay_block":1,"minecraft:oak_sapling":1,"minecraft:cobbled_deepslate":19,"minecraft:water_bucket":5,"minecraft:oak_planks":1,"minecraft:blue_bed":4,"minecraft:white_wool":2,"minecraft:crafting_table":2,"minecraft:bread":9,"minecraft:melon_slice":4,"minecraft:string":1,"minecraft:iron_pickaxe":49,"mmorpg:weapon/staff/wood":12,"minecraft:cobblestone":1,"minecraft:cooked_porkchop":6,"minecraft:bucket":7,"chococraft:gysahl_green":2},"minecraft:dropped":{"sophisticatedbackpacks:iron_backpack":2,"minecraft:iron_sword":2,"minecraft:porkchop":5,"minecraft:cobblestone":1,"alexsmobs:bison_fur":1,"mmorpg:weapon/staff/wood":2,"minecraft:dirt":8,"chococraft:chocobo_drumstick_raw":1,"minecraft:map":1,"minecraft:iron_leggings":1,"gravestone:obituary":1,"minecraft:flowering_azalea":2,"minecraft:dark_oak_planks":3,"minecraft:string":2,"minecraft:player_head":1,"minecraft:spruce_fence":1,"minecraft:iron_chestplate":1,"minecraft:leather_leggings":1,"doggytalents:rice_grains":1,"sophisticatedbackpacks:copper_backpack":1,"minecraft:arrow":2,"minecraft:bow":1,"mmorpg:jewelry/ring/iron":1},"minecraft:broken":{"minecraft:iron_shovel":1,"minecraft:iron_boots":1,"minecraft:iron_chestplate":1,"minecraft:iron_leggings":1,"minecraft:chainmail_chestplate":1,"minecraft:iron_sword":1,"minecraft:iron_helmet":2},"minecraft:custom":{"minecraft:blood":0,"minecraft:mob_kills":200,"minecraft:dexterity":13,"minecraft:interact_with_crafting_table":5,"minecraft:open_barrel":66,"minecraft:damage_dealt_resisted":25,"minecraft:leave_game":2,"minecraft:time_since_death":28989,"minecraft:mana":260,"minecraft:magic_shield":0,"minecraft:damage_resisted":0,"minecraft:sprint_one_cm":524525,"minecraft:climb_one_cm":3746,"minecraft:walk_one_cm":272474,"minecraft:drop":28,"minecraft:health":240,"minecraft:damage_dealt_absorbed":107,"minecraft:talked_to_villager":1,"minecraft:play_time":154485,"minecraft:sneak_time":3877,"minecraft:deaths":11,"minecraft:walk_under_water_one_cm":29571,"minecraft:boat_one_cm":205319,"minecraft:jump":3745,"minecraft:energy":270,"minecraft:interact_with_blast_furnace":1,"minecraft:walk_on_water_one_cm":33326,"minecraft:total_world_time":154485,"minecraft:interact_with_furnace":5,"minecraft:intelligence":12,"minecraft:move_speed":0,"minecraft:sleep_in_bed":2,"minecraft:levels_gained":10,"minecraft:time_since_rest":29009,"minecraft:damage_taken":15202,"minecraft:damage_absorbed":9538,"minecraft:damage_dealt":9539,"minecraft:swim_one_cm":100888,"minecraft:fly_one_cm":998846,"minecraft:open_chest":24,"minecraft:crouch_one_cm":9859,"minecraft:strength":16,"minecraft:interact_with_smoker":4,"minecraft:fall_one_cm":129768,"minecraft:inspect_dispenser":4}},"DataVersion":3465}