{"stats":{"minecraft:mined":{"minecraft:dark_oak_planks":4,"minecraft:spruce_planks":2,"minecraft:white_bed":2,"minecraft:andesite_stairs":2,"minecraft:jungle_leaves":5,"minecraft:brewing_stand":2,"minecraft:obsidian":14,"minecraft:cave_vines_plant":3,"minecraft:acacia_log":3,"minecraft:grass_block":397,"minecraft:jungle_log":6,"minecraft:light_gray_bed":10,"minecraft:spawner":4,"minecraft:smooth_stone":3,"minecraft:tall_seagrass":1,"minecraft:iron_ore":89,"minecraft:fire":3,"minecraft:cobbled_deepslate":4,"minecraft:fletching_table":3,"minecraft:cave_vines":8,"minecraft:light_gray_concrete":3,"creepingwoods:creeping_birch_log":2,"minecraft:spruce_slab":1,"minecraft:orange_bed":2,"minecraft:brown_mushroom":32,"minecraft:kelp_plant":2,"minecraft:smoker":2,"minecraft:clay":5,"minecraft:torch":3,"minecraft:blast_furnace":1,"minecraft:chest":3,"farmersdelight:brown_mushroom_colony":1,"minecraft:mushroom_stem":4,"minecraft:cobblestone":17,"minecraft:wall_torch":6,"minecraft:birch_log":9,"minecraft:wheat":14,"minecraft:lilac":5,"minecraft:pumpkin_stem":6,"minecraft:stone_brick_stairs":1,"minecraft:grass":146,"minecraft:oak_log":3,"minecraft:sand":6,"minecraft:dirt":86,"minecraft:netherrack":3,"minecraft:oak_leaves":16,"minecraft:deepslate":22,"minecraft:tuff":4,"minecraft:dark_oak_leaves":1,"minecraft:deepslate_diamond_ore":4,"farmersdelight:wild_carrots":20,"minecraft:dark_oak_log":5,"minecraft:nether_bricks":1,"gravestone:gravestone":47,"minecraft:dark_oak_fence":1,"minecraft:allium":2,"minecraft:jungle_planks":1,"minecraft:spruce_leaves":1,"minecraft:kelp":1,"minecraft:red_mushroom":16,"minecraft:moss_block":2,"minecraft:large_fern":18,"minecraft:hay_block":127,"farmersdelight:wild_onions":5,"minecraft:furnace":4,"minecraft:acacia_wood":1,"minecraft:andesite":16,"treechop:chopped_log":73,"minecraft:bookshelf":3,"minecraft:potatoes":55,"minecraft:deepslate_iron_ore":86,"minecraft:vine":27,"minecraft:lantern":1,"minecraft:bamboo_sapling":6,"minecraft:bamboo":78,"minecraft:white_tulip":5,"minecraft:stone":371,"minecraft:acacia_leaves":7,"minecraft:crafting_table":7,"minecraft:lectern":1,"minecraft:stone_slab":7,"minecraft:copper_ore":14,"minecraft:tall_grass":30,"born_in_chaos_v1:chipped_black_argillite_brick":3,"minecraft:deepslate_gold_ore":1,"minecraft:blue_bed":5,"minecraft:spruce_stairs":1,"minecraft:birch_planks":2,"minecraft:sweet_berry_bush":27,"minecraft:spruce_log":12,"minecraft:birch_leaves":1,"minecraft:coal_ore":79,"minecraft:gravel":40,"minecraft:dripstone_block":2,"minecraft:cobweb":12,"minecraft:stone_bricks":43,"minecraft:small_dripleaf":2,"minecraft:mossy_stone_bricks":1,"minecraft:fern":30},"minecraft:killed":{"born_in_chaos_v1:restless_spirit":2,"born_in_chaos_v1:skeleton_demoman":1,"minecraft:spider":17,"born_in_chaos_v1:siamese_skeletonsright":2,"born_in_chaos_v1:baby_skeleton_minion":9,"minecraft:skeleton":11,"minecraft:chicken":7,"whisperwoods:wisp":1,"born_in_chaos_v1:firelight_not_despawn":1,"born_in_chaos_v1:bonescaller":2,"minecraft:pig":15,"mokey:mokey":3,"born_in_chaos_v1:diamond_termite":2,"minecraft:iron_golem":1,"minecraft:creeper":8,"hordes:drowned_player":7,"kevin_trophy:blister_zombie":1,"minecraft:sheep":20,"minecraft:trader_llama":2,"minecraft:zombie":50,"born_in_chaos_v1:dread_hound":13,"born_in_chaos_v1:corpse_fly":16,"born_in_chaos_v1:siamese_skeletonsleft":2,"minecraft:cow":30,"weeping_angels:weeping_angel":1,"born_in_chaos_v1:missioner":1,"hordes:zombie_player":31,"born_in_chaos_v1:zombie_clown_not_despawn":1,"born_in_chaos_v1:zombie_bruiser":3,"born_in_chaos_v1:maggot":36,"eyesinthedarkness:eyes":1,"kevin_trophy:spitter_zombie":1,"minecraft:drowned":15,"born_in_chaos_v1:corpse_fish":10,"born_in_chaos_v1:fallen_chaos_knight":1,"born_in_chaos_v1:baby_skeleton":2,"minecraft:wandering_trader":1,"born_in_chaos_v1:decrepit_skeleton":9,"whisperwoods:zotzpyre":6,"assimilator:assimilator":1,"kevin_trophy:crawler_zombie":2,"born_in_chaos_v1:dark_vortex":1},"minecraft:crafted":{"minecraft:light_gray_concrete_powder":8,"minecraft:grindstone":1,"minecraft:smooth_stone":6,"minecraft:oak_planks":804,"minecraft:cobblestone_slab":12,"minecraft:dark_oak_boat":1,"minecraft:birch_boat":1,"minecraft:stone":348,"minecraft:diamond_shovel":4,"minecraft:cooked_mutton":9,"minecraft:bow":1,"minecraft:diamond_helmet":1,"minecraft:diamond_leggings":2,"minecraft:iron_boots":13,"minecraft:chest":10,"minecraft:stone_hoe":12,"minecraft:stone_bricks":276,"majruszsaccessories:discount_voucher":1,"minecraft:emerald":189,"sophisticatedbackpacks:backpack":1,"minecraft:cooked_porkchop":20,"minecraft:crafting_table":11,"minecraft:spruce_planks":124,"minecraft:wooden_pickaxe":4,"minecraft:smithing_table":1,"minecraft:copper_ingot":17,"minecraft:fletching_table":1,"minecraft:birch_planks":248,"farmersdelight:wheat_dough":3,"minecraft:spruce_trapdoor":2,"minecraft:dark_oak_slab":6,"minecraft:diamond_pickaxe":1,"minecraft:shield":5,"minecraft:stick":5570,"minecraft:iron_ingot":110,"minecraft:iron_pickaxe":2,"minecraft:stone_sword":7,"minecraft:light_gray_dye":1,"minecraft:wooden_sword":3,"minecraft:stone_shovel":6,"minecraft:diamond_hoe":6,"minecraft:furnace":10,"minecraft:blast_furnace":1,"minecraft:mushroom_stew":67,"minecraft:bone_meal":132,"minecraft:flint_and_steel":1,"minecraft:iron_axe":3,"born_in_chaos_v1:fried_maggot":4,"minecraft:stone_pickaxe":7,"minecraft:diamond_boots":2,"minecraft:dark_oak_planks":284,"cgm:workbench":1,"minecraft:wheat":720,"minecraft:cooked_beef":49,"minecraft:enchanting_table":1,"minecraft:bowl":76,"minecraft:bucket":5,"minecraft:stone_axe":4,"majruszsaccessories:tool_scraps":1,"minecraft:bread":239,"minecraft:air":0,"minecraft:jungle_planks":2048,"minecraft:oak_boat":1,"justhammers:stone_hammer":8,"minecraft:chainmail_boots":2,"minecraft:iron_leggings":4,"minecraft:acacia_planks":12,"minecraft:torch":68,"minecraft:clay":3,"minecraft:diamond_chestplate":1},"minecraft:used":{"minecraft:moss_block":1,"sophisticatedbackpacks:copper_backpack":1,"minecraft:diamond_hoe":17,"minecraft:chest":14,"minecraft:shield":82,"minecraft:rotten_flesh":2,"minecraft:jungle_planks":2,"minecraft:carrot":7,"minecraft:allium":2,"minecraft:tuff":3,"minecraft:obsidian":10,"minecraft:lava_bucket":8,"minecraft:birch_sapling":14,"minecraft:dark_oak_wood":6,"minecraft:stone_bricks":319,"farmersdelight:wheat_dough":1,"minecraft:sweet_berries":1,"minecraft:dark_oak_boat":2,"minecraft:hay_block":10,"minecraft:oak_sapling":75,"minecraft:furnace":13,"minecraft:potato":108,"minecraft:dark_oak_sapling":1,"minecraft:stone_pickaxe":601,"minecraft:oak_planks":2,"minecraft:wooden_pickaxe":35,"minecraft:clay":3,"minecraft:blue_bed":4,"minecraft:mushroom_stew":28,"minecraft:blast_furnace":2,"minecraft:dripstone_block":1,"sophisticatedbackpacks:backpack":1,"minecraft:melon_slice":1,"minecraft:bread":102,"minecraft:gravel":21,"minecraft:wooden_sword":136,"minecraft:grindstone":1,"minecraft:smithing_table":1,"minecraft:andesite":16,"minecraft:birch_log":1,"minecraft:oak_boat":1,"minecraft:bone_meal":103,"minecraft:azalea":1,"minecraft:stone_sword":737,"minecraft:flint_and_steel":1,"minecraft:stone_shovel":510,"minecraft:spruce_planks":13,"minecraft:wooden_shovel":19,"born_in_chaos_v1:fried_maggot":4,"minecraft:stone_hoe":107,"minecraft:orange_bed":1,"minecraft:torch":21,"minecraft:dirt":482,"cgm:workbench":1,"minecraft:chainmail_chestplate":1,"minecraft:dark_oak_planks":65,"born_in_chaos_v1:chipped_black_argillite_brick":4,"minecraft:iron_axe":762,"minecraft:slime_block":1,"minecraft:jungle_log":3,"minecraft:iron_boots":2,"minecraft:bamboo":486,"minecraft:beef":2,"minecraft:cooked_beef":40,"minecraft:cobbled_deepslate":18,"minecraft:light_gray_bed":7,"minecraft:iron_leggings":2,"minecraft:wheat_seeds":6,"minecraft:cooked_mutton":18,"sniffsweapons:iron_great_sword":15,"minecraft:water_bucket":35,"minecraft:cobblestone_stairs":3,"minecraft:birch_planks":24,"cgm:pistol":132,"minecraft:baked_potato":3,"minecraft:birch_boat":7,"minecraft:brown_mushroom":2,"minecraft:fletching_table":6,"minecraft:cobblestone_slab":2,"farmersdelight:onion":10,"minecraft:crafting_table":16,"minecraft:white_bed":2,"minecraft:light_gray_concrete_powder":3,"minecraft:spruce_log":12,"minecraft:oak_log":1,"minecraft:diamond_pickaxe":72,"minecraft:apple":3,"minecraft:iron_pickaxe":262,"minecraft:spruce_trapdoor":2,"justhammers:stone_hammer":712,"minecraft:stone_axe":220,"minecraft:cobblestone":885,"minecraft:cooked_porkchop":18,"minecraft:bucket":48},"minecraft:killed_by":{"minecraft:zombie_villager":2,"minecraft:zombified_piglin":1,"born_in_chaos_v1:nightmare_stalker":4,"minecraft:creeper":8,"born_in_chaos_v1:zombie_bruiser":1,"minecraft:drowned":3,"kevin_trophy:crawler_zombie":1,"minecraft:chicken":1,"hordes:drowned_player":4,"siren_head:siren_head":1,"midnightlurker:void_hands":2,"born_in_chaos_v1:diamond_termite":1,"the_one_who_watches:toww_running":2,"minecraft:zombie":8,"minecraft:player":22,"born_in_chaos_v1:swarmer":1,"whisperwoods:zotzpyre":2,"hordes:zombie_player":8,"goatman:goatman":2,"born_in_chaos_v1:decrepit_skeleton":1,"minecraft:skeleton":4,"kevin_trophy:blister_zombie":5,"born_in_chaos_v1:missioner":1,"born_in_chaos_v1:door_knight":2,"midnightlurker:midnight_lurker_unprovoked":2},"minecraft:custom":{"minecraft:interact_with_crafting_table":82,"minecraft:open_barrel":19,"minecraft:leave_game":19,"minecraft:time_since_death":449,"minecraft:sprint_one_cm":1895760,"minecraft:damage_blocked_by_shield":2595,"minecraft:drop":139,"minecraft:talked_to_villager":141,"minecraft:play_time":518433,"minecraft:deaths":101,"minecraft:jump":10906,"minecraft:interact_with_brewingstand":1,"minecraft:walk_on_water_one_cm":78425,"minecraft:interact_with_furnace":118,"minecraft:traded_with_villager":247,"minecraft:sleep_in_bed":27,"minecraft:damage_dealt":65131,"minecraft:player_kills":17,"minecraft:crouch_one_cm":66514,"minecraft:mob_kills":344,"minecraft:damage_dealt_resisted":1339,"minecraft:climb_one_cm":9785,"minecraft:walk_one_cm":1165387,"minecraft:damage_dealt_absorbed":114,"minecraft:sneak_time":27605,"minecraft:walk_under_water_one_cm":54477,"minecraft:boat_one_cm":272591,"minecraft:interact_with_blast_furnace":9,"minecraft:total_world_time":518433,"minecraft:time_since_rest":470,"minecraft:damage_taken":39475,"minecraft:swim_one_cm":155364,"minecraft:fly_one_cm":2356828,"minecraft:open_chest":392,"minecraft:fall_one_cm":228329},"minecraft:broken":{"minecraft:iron_boots":1,"minecraft:iron_leggings":1,"minecraft:stone_pickaxe":4,"justhammers:stone_hammer":6,"minecraft:wooden_sword":1,"minecraft:stone_axe":1,"minecraft:stone_shovel":3,"minecraft:leather_helmet":1,"minecraft:stone_sword":4,"minecraft:leather_chestplate":1,"minecraft:iron_axe":2,"minecraft:iron_pickaxe":1},"minecraft:picked_up":{"born_in_chaos_v1:charmof_stealth":2,"minecraft:iron_chestplate":2,"minecraft:wheat":30,"cgm:basic_bullet":577,"minecraft:lead":2,"minecraft:stone_slab":7,"minecraft:stone_brick_stairs":1,"minecraft:brewing_stand":7,"sniffsweapons:binding_string":4,"minecraft:string":36,"minecraft:raw_copper":121,"minecraft:red_nether_bricks":1,"minecraft:iron_leggings":14,"minecraft:armor_stand":1,"majruszsaccessories:discount_voucher":7,"minecraft:diamond_leggings":1,"minecraft:smooth_stone":1,"minecraft:cobbled_deepslate":41,"minecraft:bucket":4,"minecraft:spruce_planks":188,"minecraft:white_tulip":4,"minecraft:cobblestone_slab":10,"minecraft:azalea":1,"minecraft:wooden_shovel":1,"minecraft:iron_pickaxe":7,"minecraft:melon_slice":2,"farmersdelight:cabbage_seeds":2,"minecraft:iron_boots":14,"minecraft:furnace":5,"minecraft:stick":274,"minecraft:torch":57,"minecraft:acacia_log":3,"minecraft:spruce_stairs":1,"minecraft:porkchop":28,"majruszsaccessories:dream_catcher":2,"minecraft:orange_bed":5,"minecraft:stone_sword":6,"minecraft:light_gray_bed":10,"minecraft:rotten_flesh":150,"minecraft:tropical_fish":1,"farmersdelight:onion":8,"minecraft:obsidian":24,"minecraft:cobblestone":5124,"minecraft:birch_log":71,"majruszsaccessories:tool_scraps":10,"minecraft:leather_chestplate":2,"minecraft:cooked_beef":91,"minecraft:feather":10,"minecraft:lilac":4,"minecraft:jungle_log":1051,"minecraft:water_bucket":3,"minecraft:andesite":23,"minecraft:dark_oak_boat":1,"minecraft:golden_leggings":2,"minecraft:smoker":2,"minecraft:potato":257,"minecraft:flint":6,"minecraft:tuff":6,"minecraft:lapis_lazuli":3,"minecraft:dirt":561,"minecraft:lantern":2,"weeping_angels:kontron_ingot":20,"born_in_chaos_v1:monster_skin":4,"minecraft:bone":118,"minecraft:bow":2,"minecraft:wheat_seeds":81,"majruszsaccessories:onyx":1,"minecraft:raw_gold":1,"minecraft:mossy_stone_bricks":1,"minecraft:fletching_table":5,"minecraft:bamboo":1392,"minecraft:moss_block":4,"minecraft:stone_hoe":1,"minecraft:cooked_porkchop":60,"minecraft:poisonous_potato":1,"minecraft:sand":6,"minecraft:fermented_spider_eye":1,"minecraft:dark_oak_log":108,"cgm:pistol":7,"minecraft:light_gray_concrete":3,"born_in_chaos_v1:fire_dust":1,"minecraft:diamond":4,"minecraft:slime_block":1,"minecraft:writable_book":1,"minecraft:granite":1,"minecraft:bone_meal":29,"minecraft:emerald":201,"minecraft:bread":513,"minecraft:oak_sapling":159,"born_in_chaos_v1:rotten_fish":14,"minecraft:dark_oak_fence":1,"minecraft:diamond_pickaxe":3,"minecraft:crafting_table":7,"born_in_chaos_v1:diamond_termite_shard":2,"minecraft:allium":17,"minecraft:chicken":7,"minecraft:clay_ball":49,"born_in_chaos_v1:seedof_chaos":1,"minecraft:brown_mushroom":142,"minecraft:wooden_pickaxe":2,"gravestone:obituary":30,"minecraft:shield":11,"minecraft:moss_carpet":1,"minecraft:iron_axe":18,"minecraft:large_fern":1,"minecraft:wooden_sword":4,"born_in_chaos_v1:intoxicating_decoction":14,"minecraft:item_frame":2,"minecraft:beef":52,"minecraft:andesite_stairs":3,"minecraft:jungle_sapling":53,"minecraft:poppy":2,"minecraft:lectern":1,"minecraft:chest":3,"minecraft:birch_sapling":20,"minecraft:diamond_hoe":3,"minecraft:egg":1,"minecraft:dark_oak_sapling":51,"minecraft:raw_iron":257,"minecraft:stone":2,"minecraft:copper_ingot":3,"minecraft:bowl":8,"sophisticatedbackpacks:backpack":6,"farmersdelight:tomato_seeds":3,"born_in_chaos_v1:pieceofdarkmetal":21,"minecraft:carrot":54,"sniffsweapons:iron_great_sword":1,"minecraft:dark_oak_planks":101,"minecraft:arrow":69,"minecraft:stone_shovel":10,"minecraft:peony":2,"majruszsaccessories:lucky_rock":6,"minecraft:nether_bricks":2,"minecraft:hay_block":405,"sophisticatedbackpacks:copper_backpack":1,"minecraft:glow_berries":3,"minecraft:mutton":29,"minecraft:white_wool":18,"born_in_chaos_v1:fused_bone":2,"minecraft:stripped_oak_log":1,"born_in_chaos_v1:corpse_maggot":38,"minecraft:clock":1,"born_in_chaos_v1:monster_flesh":15,"minecraft:glow_ink_sac":1,"minecraft:leather":60,"minecraft:fern":2,"minecraft:red_mushroom":147,"minecraft:acacia_wood":2,"minecraft:birch_planks":38,"minecraft:mushroom_stew":32,"minecraft:oak_log":252,"minecraft:chainmail_chestplate":2,"minecraft:gunpowder":25,"minecraft:cobblestone_stairs":3,"minecraft:blue_bed":6,"minecraft:cooked_mutton":29,"minecraft:apple":87,"minecraft:stone_bricks":43,"born_in_chaos_v1:smoked_flesh":18,"minecraft:iron_ingot":54,"minecraft:stone_pickaxe":10,"born_in_chaos_v1:chipped_black_argillite_brick":4,"minecraft:acacia_sapling":3,"minecraft:book":9,"minecraft:birch_boat":16,"minecraft:sweet_berries":71,"born_in_chaos_v1:ethereal_spirit":49,"minecraft:quartz":2,"minecraft:spyglass":2,"minecraft:dripstone_block":1,"minecraft:gravel":41,"born_in_chaos_v1:dark_rod":2,"justhammers:stone_hammer":5,"minecraft:spruce_sapling":3,"minecraft:blast_furnace":2,"minecraft:white_bed":2,"minecraft:spruce_log":103,"minecraft:spider_eye":9,"minecraft:leather_helmet":1,"minecraft:diamond_shovel":1,"minecraft:pumpkin_seeds":14,"minecraft:stone_axe":4,"minecraft:iron_helmet":2,"knight_quest:kq_great_essence":14,"minecraft:gray_wool":1,"minecraft:baked_potato":3,"minecraft:dark_oak_wood":47,"minecraft:stripped_dark_oak_log":3,"minecraft:coal":149},"minecraft:dropped":{"minecraft:brown_mushroom":17,"minecraft:birch_planks":27,"minecraft:dark_oak_sapling":29,"minecraft:cooked_porkchop":9,"minecraft:item_frame":2,"minecraft:red_mushroom":1,"minecraft:dirt":2,"minecraft:dark_oak_log":77,"minecraft:dark_oak_fence":1,"minecraft:jungle_sapling":14,"gravestone:obituary":21,"minecraft:wooden_sword":2,"minecraft:writable_book":1,"minecraft:iron_pickaxe":1,"minecraft:blue_bed":2,"minecraft:armor_stand":1,"minecraft:gravel":6,"minecraft:birch_sapling":2,"minecraft:stripped_dark_oak_log":3,"minecraft:rotten_flesh":7,"minecraft:oak_planks":6,"minecraft:diamond_shovel":1,"minecraft:poppy":1,"justhammers:stone_hammer":1,"minecraft:beetroot_seeds":1,"minecraft:jungle_log":300,"born_in_chaos_v1:corpse_maggot":1,"minecraft:acacia_sapling":1,"majruszsaccessories:lucky_rock":1,"farmersdelight:tomato_seeds":3,"minecraft:water_bucket":1,"minecraft:iron_ingot":3,"minecraft:wheat_seeds":8,"minecraft:diamond_leggings":1,"minecraft:cobblestone":69,"minecraft:feather":9,"minecraft:spruce_stairs":1,"minecraft:mushroom_stew":28,"minecraft:coal":30,"minecraft:stick":46,"minecraft:gray_wool":1,"minecraft:torch":28,"minecraft:iron_leggings":1,"minecraft:iron_axe":2,"minecraft:stone_sword":1,"minecraft:raw_copper":7,"minecraft:bowl":1,"minecraft:diamond_hoe":1,"minecraft:raw_iron":71,"minecraft:iron_boots":11,"sophisticatedbackpacks:backpack":3,"minecraft:pumpkin_seeds":7,"minecraft:potato":129,"minecraft:shield":1,"minecraft:allium":1,"minecraft:peony":2,"minecraft:spruce_planks":2,"minecraft:light_gray_bed":3,"minecraft:oak_sapling":19,"minecraft:andesite_stairs":3,"minecraft:spider_eye":2,"minecraft:bamboo":119,"minecraft:stone_pickaxe":1,"sniffsweapons:binding_string":1}},"DataVersion":3120}