{"stats":{"minecraft:killed":{"minecraft:cow":1},"minecraft:custom":{"minecraft:jump":22,"minecraft:time_since_rest":1288,"minecraft:damage_dealt":160,"minecraft:damage_taken":40,"minecraft:leave_game":2,"minecraft:play_time":1288,"minecraft:sprint_one_cm":4321,"minecraft:time_since_death":1288,"minecraft:walk_one_cm":3597,"minecraft:total_world_time":1288,"minecraft:mob_kills":1,"minecraft:fall_one_cm":753,"minecraft:fly_one_cm":3832},"minecraft:picked_up":{"minecraft:beef":3},"minecraft:mined":{"minecraft:spruce_leaves":3,"minecraft:spruce_log":1}},"DataVersion":3120}