{"stats":{"minecraft:crafted":{"minecraft:spruce_stairs":4,"minecraft:crafting_table":1,"minecraft:spruce_slab":6,"minecraft:spruce_planks":24},"minecraft:killed_by":{"minecraft:skeleton":1,"born_in_chaos_v1:dread_hound":1,"minecraft:villager":1},"minecraft:used":{"minecraft:dirt":3,"minecraft:crafting_table":1,"minecraft:spruce_slab":6,"minecraft:spruce_stairs":4},"minecraft:custom":{"minecraft:time_since_rest":258,"minecraft:crouch_one_cm":181,"minecraft:sprint_one_cm":45727,"minecraft:play_time":10065,"minecraft:walk_one_cm":24265,"minecraft:damage_taken":1010,"minecraft:deaths":4,"minecraft:sneak_time":68,"minecraft:mob_kills":1,"minecraft:jump":300,"minecraft:walk_on_water_one_cm":63,"minecraft:damage_dealt":463,"minecraft:leave_game":3,"minecraft:time_since_death":162,"minecraft:total_world_time":10065,"minecraft:interact_with_crafting_table":1,"minecraft:fly_one_cm":98507,"minecraft:fall_one_cm":12385},"minecraft:picked_up":{"minecraft:beef":3,"minecraft:spruce_sapling":1,"minecraft:spruce_log":6,"minecraft:sugar_cane":5,"minecraft:dirt":3},"minecraft:killed":{"minecraft:cow":1},"minecraft:mined":{"minecraft:large_fern":3,"minecraft:grass_block":3,"minecraft:spruce_leaves":5,"minecraft:spruce_log":2,"treechop:chopped_log":1,"minecraft:fern":1}},"DataVersion":3120}