{"stats":{"minecraft:used":{"minecraft:spruce_slab":6,"minecraft:stone_pickaxe":9,"minecraft:wooden_pickaxe":5,"minecraft:dirt":7,"minecraft:crafting_table":2,"minecraft:spruce_stairs":4,"minecraft:snowball":8},"minecraft:killed":{"weeping_angels:weeping_angel":1,"born_in_chaos_v1:restless_spirit":1,"minecraft:cow":1},"minecraft:custom":{"minecraft:time_since_rest":4312,"minecraft:sprint_one_cm":104893,"minecraft:damage_taken":3319,"minecraft:walk_one_cm":50119,"minecraft:mob_kills":3,"minecraft:drop":1,"minecraft:damage_dealt":1212,"minecraft:talked_to_villager":1,"minecraft:interact_with_crafting_table":3,"minecraft:fly_one_cm":201751,"minecraft:crouch_one_cm":729,"minecraft:play_time":25462,"minecraft:deaths":12,"minecraft:sneak_time":504,"minecraft:jump":731,"minecraft:leave_game":6,"minecraft:walk_on_water_one_cm":1481,"minecraft:time_since_death":4289,"minecraft:total_world_time":25462,"minecraft:fall_one_cm":35213},"minecraft:crafted":{"minecraft:spruce_stairs":4,"minecraft:crafting_table":2,"minecraft:stick":8,"minecraft:spruce_slab":6,"minecraft:spruce_planks":72,"minecraft:wooden_pickaxe":1,"minecraft:stone_pickaxe":1},"minecraft:killed_by":{"minecraft:iron_golem":1,"born_in_chaos_v1:bonescaller":1,"born_in_chaos_v1:dread_hound":1,"minecraft:skeleton":3,"minecraft:creeper":2,"minecraft:villager":1,"creepingwoods:glowing_eyes":1},"minecraft:dropped":{"minecraft:stone_pickaxe":1},"minecraft:picked_up":{"minecraft:stick":1,"minecraft:sweet_berries":2,"born_in_chaos_v1:ethereal_spirit":2,"minecraft:spruce_sapling":7,"minecraft:spruce_log":18,"minecraft:dirt":15,"minecraft:arrow":1,"minecraft:wheat_seeds":1,"minecraft:beef":3,"minecraft:granite":1,"minecraft:stone_pickaxe":1,"minecraft:sugar_cane":5,"minecraft:snowball":8,"minecraft:cobblestone":5},"minecraft:mined":{"minecraft:large_fern":3,"minecraft:sweet_berry_bush":1,"minecraft:spruce_log":2,"treechop:chopped_log":3,"gravestone:gravestone":1,"minecraft:grass_block":7,"minecraft:dirt":8,"minecraft:spruce_leaves":7,"minecraft:stone":6,"minecraft:blue_bed":1,"minecraft:fern":2}},"DataVersion":3120}