{
  "minecraft:recipes/decorations/crafting_table": {
    "criteria": {
      "unlock_right_away": "2024-06-20 07:35:37 +0000"
    },
    "done": true
  },
  "dungeons_arise:wda_root": {
    "criteria": {
      "WDA": "2024-06-20 07:35:37 +0000"
    },
    "done": true
  },
  "betterdungeons:root": {
    "criteria": {
      "always": "2024-06-20 07:35:37 +0000"
    },
    "done": true
  },
  "betterdeserttemples:root": {
    "criteria": {
      "always": "2024-06-20 07:35:37 +0000"
    },
    "done": true
  },
  "minecraft:adventure/adventuring_time": {
    "criteria": {
      "minecraft:deep_ocean": "2024-06-21 03:54:14 +0000",
      "minecraft:frozen_river": "2024-06-20 08:02:54 +0000",
      "minecraft:beach": "2024-06-21 03:59:02 +0000",
      "minecraft:dark_forest": "2024-06-20 08:25:08 +0000",
      "minecraft:river": "2024-06-21 03:52:02 +0000",
      "minecraft:snowy_plains": "2024-06-20 07:35:39 +0000",
      "minecraft:cold_ocean": "2024-06-21 04:11:00 +0000",
      "minecraft:forest": "2024-06-21 04:11:49 +0000",
      "minecraft:lush_caves": "2024-06-20 08:28:36 +0000",
      "minecraft:ice_spikes": "2024-06-20 07:44:29 +0000",
      "minecraft:frozen_ocean": "2024-06-20 07:37:56 +0000",
      "minecraft:ocean": "2024-06-21 03:53:16 +0000",
      "minecraft:snowy_beach": "2024-06-20 07:38:12 +0000",
      "minecraft:old_growth_birch_forest": "2024-06-20 08:21:27 +0000",
      "minecraft:plains": "2024-06-21 04:12:08 +0000"
    },
    "done": false
  },
  "aquaculture:recipes/aquaculture/heavy_hook": {
    "criteria": {
      "has_items": "2024-06-20 07:36:25 +0000"
    },
    "done": true
  },
  "aquaculture:recipes/decorations/birch_fish_mount": {
    "criteria": {
      "has_items": "2024-06-20 07:36:25 +0000"
    },
    "done": true
  },
  "aquaculture:recipes/misc/neptunium_ingot_from_neptunium_block": {
    "criteria": {
      "has_items": "2024-06-20 07:36:25 +0000"
    },
    "done": true
  },
  "aquaculture:recipes/misc/iron_nugget_from_smelting": {
    "criteria": {
      "has_fishing_rod": "2024-06-20 07:36:25 +0000",
      "has_fillet_knife": "2024-06-20 07:36:25 +0000"
    },
    "done": true
  },
  "aquaculture:recipes/tools/golden_fishing_rod": {
    "criteria": {
      "has_vanilla_rod": "2024-06-20 07:36:25 +0000"
    },
    "done": true
  },
  "aquaculture:recipes/misc/gold_nugget_from_smelting": {
    "criteria": {
      "has_fishing_rod": "2024-06-20 07:36:25 +0000",
      "has_fillet_knife": "2024-06-20 07:36:25 +0000"
    },
    "done": true
  },
  "chococraft:recipes/food/gysahl_cake": {
    "criteria": {
      "has_gysahl_green": "2024-06-20 07:36:25 +0000"
    },
    "done": true
  },
  "aquaculture:recipes/misc/bonemeal_from_fish_bones": {
    "criteria": {
      "has_items": "2024-06-20 07:36:25 +0000"
    },
    "done": true
  },
  "chococraft:recipes/misc/red_gysahl": {
    "criteria": {
      "has_gysahl_green": "2024-06-20 07:36:25 +0000"
    },
    "done": true
  },
  "chococraft:recipes/misc/chocopedia": {
    "criteria": {
      "has_gysahl_green": "2024-06-20 07:36:25 +0000"
    },
    "done": true
  },
  "aquaculture:recipes/misc/brown_mushroom_from_fish": {
    "criteria": {
      "has_items": "2024-06-20 07:36:25 +0000"
    },
    "done": true
  },
  "chococraft:recipes/misc/pink_gysahl": {
    "criteria": {
      "has_gysahl_green": "2024-06-20 07:36:25 +0000"
    },
    "done": true
  },
  "aquaculture:recipes/misc/neptinium_ingot_from_blasting": {
    "criteria": {
      "has_leggings": "2024-06-20 07:36:25 +0000",
      "has_axe": "2024-06-20 07:36:25 +0000",
      "has_helmet": "2024-06-20 07:36:25 +0000",
      "has_fishing_rod": "2024-06-20 07:36:25 +0000",
      "has_bow": "2024-06-20 07:36:25 +0000",
      "has_chestplate": "2024-06-20 07:36:25 +0000",
      "has_sword": "2024-06-20 07:36:25 +0000",
      "has_fillet_knife": "2024-06-20 07:36:25 +0000",
      "has_shovel": "2024-06-20 07:36:25 +0000",
      "has_hoe": "2024-06-20 07:36:25 +0000",
      "has_boots": "2024-06-20 07:36:25 +0000",
      "has_pickaxe": "2024-06-20 07:36:25 +0000"
    },
    "done": true
  },
  "aquaculture:recipes/decorations/dark_oak_fish_mount": {
    "criteria": {
      "has_items": "2024-06-20 07:36:25 +0000"
    },
    "done": true
  },
  "aquaculture:recipes/decorations/acacia_fish_mount": {
    "criteria": {
      "has_items": "2024-06-20 07:36:25 +0000"
    },
    "done": true
  },
  "aquaculture:recipes/aquaculture/diamond_hook": {
    "criteria": {
      "has_items": "2024-06-20 07:36:25 +0000"
    },
    "done": true
  },
  "aquaculture:recipes/food/sushi": {
    "criteria": {
      "has_alt_items": "2024-06-20 07:36:25 +0000",
      "has_items": "2024-06-20 07:36:25 +0000"
    },
    "done": true
  },
  "aquaculture:recipes/aquaculture/light_hook": {
    "criteria": {
      "has_items": "2024-06-20 07:36:25 +0000"
    },
    "done": true
  },
  "aquaculture:recipes/misc/red_mushroom_from_fish": {
    "criteria": {
      "has_items": "2024-06-20 07:36:25 +0000"
    },
    "done": true
  },
  "aquaculture:recipes/building_blocks/planks_from_driftwood": {
    "criteria": {
      "has_items": "2024-06-20 07:36:25 +0000"
    },
    "done": true
  },
  "aquaculture:recipes/aquaculture/worm_farm": {
    "criteria": {
      "has_items": "2024-06-20 07:36:25 +0000"
    },
    "done": true
  },
  "aquaculture:recipes/tools/iron_fishing_rod": {
    "criteria": {
      "has_vanilla_rod": "2024-06-20 07:36:25 +0000"
    },
    "done": true
  },
  "aquaculture:recipes/aquaculture/note_hook": {
    "criteria": {
      "has_items": "2024-06-20 07:36:25 +0000"
    },
    "done": true
  },
  "aquaculture:recipes/food/cooked_fish_fillet_from_campfire": {
    "criteria": {
      "has_items": "2024-06-20 07:36:25 +0000"
    },
    "done": true
  },
  "chococraft:recipes/food/pickled_gysahl_raw": {
    "criteria": {
      "has_gysahl_green": "2024-06-20 07:36:25 +0000"
    },
    "done": true
  },
  "chococraft:recipes/misc/gysahl_green_to_seeds": {
    "criteria": {
      "has_gysahl_green": "2024-06-20 07:36:25 +0000"
    },
    "done": true
  },
  "aquaculture:recipes/aquaculture/gold_hook": {
    "criteria": {
      "has_items": "2024-06-20 07:36:25 +0000"
    },
    "done": true
  },
  "aquaculture:recipes/decorations/oak_fish_mount": {
    "criteria": {
      "has_items": "2024-06-20 07:36:25 +0000"
    },
    "done": true
  },
  "aquaculture:recipes/decorations/spruce_fish_mount": {
    "criteria": {
      "has_items": "2024-06-20 07:36:25 +0000"
    },
    "done": true
  },
  "aquaculture:recipes/aquaculture/double_hook": {
    "criteria": {
      "has_items": "2024-06-20 07:36:25 +0000"
    },
    "done": true
  },
  "aquaculture:recipes/aquaculture/fishing_line": {
    "criteria": {
      "has_items": "2024-06-20 07:36:25 +0000"
    },
    "done": true
  },
  "aquaculture:recipes/misc/tin_can_to_iron_nugget_from_blasting": {
    "criteria": {
      "has_items": "2024-06-20 07:36:25 +0000"
    },
    "done": true
  },
  "aquaculture:recipes/aquaculture/iron_hook": {
    "criteria": {
      "has_items": "2024-06-20 07:36:25 +0000"
    },
    "done": true
  },
  "aquaculture:recipes/misc/jellyfish_to_slimeball": {
    "criteria": {
      "has_items": "2024-06-20 07:36:25 +0000"
    },
    "done": true
  },
  "aquaculture:recipes/aquaculture/redstone_hook": {
    "criteria": {
      "has_items": "2024-06-20 07:36:25 +0000"
    },
    "done": true
  },
  "aquaculture:recipes/misc/gold_nugget_from_blasting": {
    "criteria": {
      "has_fishing_rod": "2024-06-20 07:36:25 +0000",
      "has_fillet_knife": "2024-06-20 07:36:25 +0000"
    },
    "done": true
  },
  "aquaculture:recipes/aquaculture/bobber": {
    "criteria": {
      "has_items": "2024-06-20 07:36:25 +0000"
    },
    "done": true
  },
  "aquaculture:recipes/misc/gold_nugget_from_gold_fish": {
    "criteria": {
      "has_items": "2024-06-20 07:36:25 +0000"
    },
    "done": true
  },
  "aquaculture:recipes/food/cooked_fish_fillet_from_smoking": {
    "criteria": {
      "has_items": "2024-06-20 07:36:25 +0000"
    },
    "done": true
  },
  "aquaculture:recipes/tools/diamond_fishing_rod": {
    "criteria": {
      "has_vanilla_rod": "2024-06-20 07:36:25 +0000"
    },
    "done": true
  },
  "aquaculture:recipes/food/cooked_fish_fillet": {
    "criteria": {
      "has_items": "2024-06-20 07:36:25 +0000"
    },
    "done": true
  },
  "aquaculture:recipes/misc/neptunium_ingot_from_nuggets": {
    "criteria": {
      "has_items": "2024-06-20 07:36:25 +0000"
    },
    "done": true
  },
  "aquaculture:recipes/misc/iron_nugget_from_blasting": {
    "criteria": {
      "has_fishing_rod": "2024-06-20 07:36:25 +0000",
      "has_fillet_knife": "2024-06-20 07:36:25 +0000"
    },
    "done": true
  },
  "aquaculture:recipes/misc/tin_can_to_iron_nugget": {
    "criteria": {
      "has_items": "2024-06-20 07:36:25 +0000"
    },
    "done": true
  },
  "aquaculture:recipes/decorations/jungle_fish_mount": {
    "criteria": {
      "has_items": "2024-06-20 07:36:25 +0000"
    },
    "done": true
  },
  "minecraft:recipes/misc/iron_nugget_from_smelting": {
    "criteria": {
      "has_iron_sword": "2024-06-20 07:37:53 +0000"
    },
    "done": true
  },
  "minecraft:recipes/misc/iron_nugget_from_blasting": {
    "criteria": {
      "has_iron_sword": "2024-06-20 07:37:53 +0000"
    },
    "done": true
  },
  "deeperdarker:recipes/transportation/echo_boat": {
    "criteria": {
      "in_water": "2024-06-20 07:37:55 +0000"
    },
    "done": true
  },
  "minecraft:recipes/transportation/cherry_boat": {
    "criteria": {
      "in_water": "2024-06-20 07:37:55 +0000"
    },
    "done": true
  },
  "minecraft:recipes/transportation/bamboo_raft": {
    "criteria": {
      "in_water": "2024-06-20 07:37:55 +0000"
    },
    "done": true
  },
  "minecraft:recipes/transportation/acacia_boat": {
    "criteria": {
      "in_water": "2024-06-20 07:37:55 +0000"
    },
    "done": true
  },
  "minecraft:recipes/transportation/jungle_boat": {
    "criteria": {
      "in_water": "2024-06-20 07:37:55 +0000"
    },
    "done": true
  },
  "minecraft:recipes/transportation/spruce_boat": {
    "criteria": {
      "in_water": "2024-06-20 07:37:55 +0000"
    },
    "done": true
  },
  "minecraft:recipes/transportation/birch_boat": {
    "criteria": {
      "in_water": "2024-06-20 07:37:55 +0000"
    },
    "done": true
  },
  "minecraft:recipes/transportation/oak_boat": {
    "criteria": {
      "in_water": "2024-06-20 07:37:55 +0000"
    },
    "done": true
  },
  "minecraft:recipes/transportation/mangrove_boat": {
    "criteria": {
      "in_water": "2024-06-20 07:37:55 +0000"
    },
    "done": true
  },
  "minecraft:recipes/transportation/dark_oak_boat": {
    "criteria": {
      "in_water": "2024-06-20 07:37:55 +0000"
    },
    "done": true
  },
  "minecraft:recipes/food/mushroom_stew": {
    "criteria": {
      "has_bowl": "2024-06-20 07:38:02 +0000"
    },
    "done": true
  },
  "minecraft:recipes/building_blocks/emerald_block": {
    "criteria": {
      "has_emerald": "2024-06-20 07:38:12 +0000"
    },
    "done": true
  },
  "minecraft:recipes/decorations/chest": {
    "criteria": {
      "has_lots_of_items": "2024-06-20 07:38:22 +0000"
    },
    "done": true
  },
  "minecraft:recipes/decorations/ladder": {
    "criteria": {
      "has_stick": "2024-06-20 07:38:23 +0000"
    },
    "done": true
  },
  "doggytalents:recipes/decorations/sunglasses": {
    "criteria": {
      "has_stick": "2024-06-20 07:38:23 +0000"
    },
    "done": true
  },
  "minecraft:recipes/tools/wooden_axe": {
    "criteria": {
      "has_stick": "2024-06-20 07:38:23 +0000"
    },
    "done": true
  },
  "doggytalents:recipes/decorations/giant_stick": {
    "criteria": {
      "has_stick": "2024-06-20 07:38:23 +0000"
    },
    "done": true
  },
  "minecraft:recipes/decorations/campfire": {
    "criteria": {
      "has_stick": "2024-06-20 07:38:23 +0000"
    },
    "done": true
  },
  "aquaculture:recipes/tools/wooden_fillet_knife": {
    "criteria": {
      "has_items": "2024-06-20 07:38:23 +0000"
    },
    "done": true
  },
  "minecraft:recipes/tools/wooden_hoe": {
    "criteria": {
      "has_stick": "2024-06-20 07:38:23 +0000"
    },
    "done": true
  },
  "minecraft:recipes/tools/wooden_shovel": {
    "criteria": {
      "has_stick": "2024-06-20 07:38:23 +0000"
    },
    "done": true
  },
  "minecraft:recipes/combat/wooden_sword": {
    "criteria": {
      "has_stick": "2024-06-20 07:38:23 +0000"
    },
    "done": true
  },
  "minecolonies:recipes/misc/shapetool": {
    "criteria": {
      "has_stick": "2024-06-20 07:38:23 +0000"
    },
    "done": true
  },
  "domum_ornamentum:recipes/building_blocks/blockbarreldeco_onside": {
    "criteria": {
      "has_stick": "2024-06-20 07:38:23 +0000"
    },
    "done": true
  },
  "minecraft:recipes/tools/wooden_pickaxe": {
    "criteria": {
      "has_stick": "2024-06-20 07:38:23 +0000"
    },
    "done": true
  },
  "domum_ornamentum:recipes/building_blocks/blockbarreldeco_standing": {
    "criteria": {
      "has_stick": "2024-06-20 07:38:23 +0000"
    },
    "done": true
  },
  "minecraft:recipes/decorations/fletching_table": {
    "criteria": {
      "has_flint": "2024-06-20 07:38:24 +0000"
    },
    "done": true
  },
  "minecraft:recipes/combat/arrow": {
    "criteria": {
      "has_flint": "2024-06-20 07:38:24 +0000"
    },
    "done": true
  },
  "minecraft:recipes/tools/flint_and_steel": {
    "criteria": {
      "has_flint": "2024-06-20 07:38:24 +0000"
    },
    "done": true
  },
  "minecraft:recipes/misc/firework_rocket_simple": {
    "criteria": {
      "has_gunpowder": "2024-06-20 07:38:42 +0000"
    },
    "done": true
  },
  "minecraft:recipes/redstone/tnt": {
    "criteria": {
      "has_gunpowder": "2024-06-20 07:38:42 +0000"
    },
    "done": true
  },
  "doggytalents:recipes/decorations/superdog_suit": {
    "criteria": {
      "has_iron_ingot": "2024-06-20 07:38:45 +0000"
    },
    "done": true
  },
  "doggytalents:recipes/combat/sussy_sickle": {
    "criteria": {
      "has_iron_ingot": "2024-06-20 07:38:45 +0000"
    },
    "done": true
  },
  "minecraft:recipes/combat/iron_helmet": {
    "criteria": {
      "has_iron_ingot": "2024-06-20 07:38:45 +0000"
    },
    "done": true
  },
  "doggytalents:recipes/tools/whistle": {
    "criteria": {
      "has_iron_ingot": "2024-06-20 07:38:45 +0000"
    },
    "done": true
  },
  "minecraft:recipes/tools/shears": {
    "criteria": {
      "has_iron_ingot": "2024-06-20 07:38:45 +0000"
    },
    "done": true
  },
  "doggytalents:recipes/decorations/propeller_hat": {
    "criteria": {
      "has_iron_ingot": "2024-06-20 07:38:45 +0000"
    },
    "done": true
  },
  "minecraft:recipes/building_blocks/iron_block": {
    "criteria": {
      "has_iron_ingot": "2024-06-20 07:38:45 +0000"
    },
    "done": true
  },
  "domum_ornamentum:recipes/tools/architectscutter": {
    "criteria": {
      "has_iron_ingot": "2024-06-20 07:38:45 +0000"
    },
    "done": true
  },
  "minecolonies:recipes/misc/chainmailleggings": {
    "criteria": {
      "has_iron": "2024-06-20 07:38:45 +0000"
    },
    "done": true
  },
  "mcwbridges:recipes/iron_bridge_pier": {
    "criteria": {
      "has_planks": "2024-06-20 07:38:45 +0000"
    },
    "done": true
  },
  "betterarcheology:recipes/recipe_iron_brush": {
    "criteria": {
      "has_item": "2024-06-20 07:38:45 +0000"
    },
    "done": true
  },
  "minecraft:recipes/redstone/hopper": {
    "criteria": {
      "has_iron_ingot": "2024-06-20 07:38:45 +0000"
    },
    "done": true
  },
  "minecraft:recipes/combat/iron_boots": {
    "criteria": {
      "has_iron_ingot": "2024-06-20 07:38:45 +0000"
    },
    "done": true
  },
  "minecraft:recipes/decorations/lantern": {
    "criteria": {
      "has_iron_ingot": "2024-06-20 07:38:45 +0000"
    },
    "done": true
  },
  "minecraft:recipes/tools/iron_shovel": {
    "criteria": {
      "has_iron_ingot": "2024-06-20 07:38:45 +0000"
    },
    "done": true
  },
  "mcwdoors:recipes/metal": {
    "criteria": {
      "has_wood": "2024-06-20 07:38:45 +0000"
    },
    "done": true
  },
  "minecolonies:recipes/misc/chainmailhelmet": {
    "criteria": {
      "has_iron": "2024-06-20 07:38:45 +0000"
    },
    "done": true
  },
  "mcwbridges:recipes/iron_bridge": {
    "criteria": {
      "has_planks": "2024-06-20 07:38:45 +0000"
    },
    "done": true
  },
  "minecraft:recipes/redstone/iron_trapdoor": {
    "criteria": {
      "has_iron_ingot": "2024-06-20 07:38:45 +0000"
    },
    "done": true
  },
  "minecraft:recipes/combat/crossbow": {
    "criteria": {
      "has_iron_ingot": "2024-06-20 07:38:45 +0000"
    },
    "done": true
  },
  "minecraft:recipes/redstone/heavy_weighted_pressure_plate": {
    "criteria": {
      "has_iron_ingot": "2024-06-20 07:38:45 +0000"
    },
    "done": true
  },
  "minecraft:recipes/combat/iron_leggings": {
    "criteria": {
      "has_iron_ingot": "2024-06-20 07:38:45 +0000"
    },
    "done": true
  },
  "minecraft:recipes/combat/iron_chestplate": {
    "criteria": {
      "has_iron_ingot": "2024-06-20 07:38:45 +0000"
    },
    "done": true
  },
  "minecraft:recipes/misc/iron_nugget": {
    "criteria": {
      "has_iron_ingot": "2024-06-20 07:38:45 +0000"
    },
    "done": true
  },
  "minecraft:recipes/misc/bucket": {
    "criteria": {
      "has_iron_ingot": "2024-06-20 07:38:45 +0000"
    },
    "done": true
  },
  "minecraft:recipes/transportation/minecart": {
    "criteria": {
      "has_iron_ingot": "2024-06-20 07:38:45 +0000"
    },
    "done": true
  },
  "minecraft:recipes/tools/iron_hoe": {
    "criteria": {
      "has_iron_ingot": "2024-06-20 07:38:45 +0000"
    },
    "done": true
  },
  "sophisticatedstorage:recipes/misc/upgrade_base": {
    "criteria": {
      "has_iron_ingot": "2024-06-20 07:38:45 +0000"
    },
    "done": true
  },
  "mcwlights:recipes/lava_lamp": {
    "criteria": {
      "has_wood": "2024-06-20 07:38:45 +0000"
    },
    "done": true
  },
  "minecraft:story/smelt_iron": {
    "criteria": {
      "iron": "2024-06-20 07:38:45 +0000"
    },
    "done": true
  },
  "aquaculture:recipes/tools/iron_fillet_knife": {
    "criteria": {
      "has_items": "2024-06-20 07:38:45 +0000"
    },
    "done": true
  },
  "minecraft:recipes/decorations/chain": {
    "criteria": {
      "has_iron_ingot": "2024-06-20 07:38:45 +0000"
    },
    "done": true
  },
  "minecraft:recipes/decorations/smithing_table": {
    "criteria": {
      "has_iron_ingot": "2024-06-20 07:38:45 +0000"
    },
    "done": true
  },
  "minecolonies:recipes/misc/chainmailchestplate": {
    "criteria": {
      "has_iron": "2024-06-20 07:38:45 +0000"
    },
    "done": true
  },
  "minecraft:recipes/combat/iron_sword": {
    "criteria": {
      "has_iron_ingot": "2024-06-20 07:38:45 +0000"
    },
    "done": true
  },
  "minecraft:recipes/tools/iron_pickaxe": {
    "criteria": {
      "has_iron_ingot": "2024-06-20 07:38:45 +0000"
    },
    "done": true
  },
  "minecraft:recipes/combat/shield": {
    "criteria": {
      "has_iron_ingot": "2024-06-20 07:38:45 +0000"
    },
    "done": true
  },
  "minecolonies:recipes/misc/chainmailboots": {
    "criteria": {
      "has_iron": "2024-06-20 07:38:45 +0000"
    },
    "done": true
  },
  "minecraft:recipes/decorations/iron_bars": {
    "criteria": {
      "has_iron_ingot": "2024-06-20 07:38:45 +0000"
    },
    "done": true
  },
  "minecraft:recipes/tools/iron_axe": {
    "criteria": {
      "has_iron_ingot": "2024-06-20 07:38:45 +0000"
    },
    "done": true
  },
  "mcwbridges:recipes/pliers": {
    "criteria": {
      "has_planks": "2024-06-20 07:38:45 +0000"
    },
    "done": true
  },
  "doggytalents:recipes/building_blocks/dog_bath": {
    "criteria": {
      "has_iron_ingot": "2024-06-20 07:38:45 +0000"
    },
    "done": true
  },
  "doggytalents:recipes/building_blocks/food_bowl": {
    "criteria": {
      "has_iron_ingot": "2024-06-20 07:38:45 +0000"
    },
    "done": true
  },
  "minecraft:recipes/redstone/iron_door": {
    "criteria": {
      "has_iron_ingot": "2024-06-20 07:38:45 +0000"
    },
    "done": true
  },
  "mcwlights:recipes/garden_light": {
    "criteria": {
      "has_wood": "2024-06-20 07:38:45 +0000"
    },
    "done": true
  },
  "blue_skies:recipes/building_blocks/frostbright_bookshelf": {
    "criteria": {
      "has_item": "2024-06-20 07:39:08 +0000"
    },
    "done": true
  },
  "minecraft:recipes/redstone/lectern": {
    "criteria": {
      "has_book": "2024-06-20 07:39:08 +0000"
    },
    "done": true
  },
  "blue_skies:recipes/building_blocks/maple_bookshelf": {
    "criteria": {
      "has_item": "2024-06-20 07:39:08 +0000"
    },
    "done": true
  },
  "minecraft:recipes/misc/writable_book": {
    "criteria": {
      "has_book": "2024-06-20 07:39:08 +0000"
    },
    "done": true
  },
  "minecraft:recipes/building_blocks/bookshelf": {
    "criteria": {
      "has_book": "2024-06-20 07:39:08 +0000"
    },
    "done": true
  },
  "blue_skies:recipes/building_blocks/starlit_bookshelf": {
    "criteria": {
      "has_item": "2024-06-20 07:39:08 +0000"
    },
    "done": true
  },
  "blue_skies:recipes/building_blocks/dusk_bookshelf": {
    "criteria": {
      "has_item": "2024-06-20 07:39:08 +0000"
    },
    "done": true
  },
  "blue_skies:recipes/building_blocks/comet_bookshelf": {
    "criteria": {
      "has_item": "2024-06-20 07:39:08 +0000"
    },
    "done": true
  },
  "minecraft:recipes/building_blocks/chiseled_bookshelf": {
    "criteria": {
      "has_book": "2024-06-20 07:39:08 +0000"
    },
    "done": true
  },
  "blue_skies:recipes/building_blocks/bluebright_bookshelf": {
    "criteria": {
      "has_item": "2024-06-20 07:39:08 +0000"
    },
    "done": true
  },
  "blue_skies:recipes/building_blocks/lunar_bookshelf": {
    "criteria": {
      "has_item": "2024-06-20 07:39:08 +0000"
    },
    "done": true
  },
  "minecraft:story/obtain_armor": {
    "criteria": {
      "iron_helmet": "2024-06-20 07:39:10 +0000"
    },
    "done": true
  },
  "minecraft:husbandry/root": {
    "criteria": {
      "consumed_item": "2024-06-20 07:39:16 +0000"
    },
    "done": true
  },
  "minecraft:husbandry/balanced_diet": {
    "criteria": {
      "cooked_porkchop": "2024-06-20 08:25:16 +0000",
      "porkchop": "2024-06-20 08:16:09 +0000",
      "mutton": "2024-06-20 08:19:59 +0000",
      "bread": "2024-06-20 08:15:18 +0000",
      "melon_slice": "2024-06-20 07:39:16 +0000"
    },
    "done": false
  },
  "minecraft:recipes/building_blocks/melon": {
    "criteria": {
      "has_melon": "2024-06-20 07:39:30 +0000"
    },
    "done": true
  },
  "minecraft:recipes/misc/melon_seeds": {
    "criteria": {
      "has_melon": "2024-06-20 07:39:30 +0000"
    },
    "done": true
  },
  "minecraft:recipes/brewing/glistering_melon_slice": {
    "criteria": {
      "has_melon": "2024-06-20 07:39:30 +0000"
    },
    "done": true
  },
  "doggytalents:recipes/decorations/pianist_suit": {
    "criteria": {
      "has_string": "2024-06-20 07:40:05 +0000"
    },
    "done": true
  },
  "doggytalents:recipes/decorations/bowtie": {
    "criteria": {
      "has_string": "2024-06-20 07:40:05 +0000"
    },
    "done": true
  },
  "domum_ornamentum:recipes/decorations/gray_floating_carpet": {
    "criteria": {
      "has_string": "2024-06-20 07:40:05 +0000"
    },
    "done": true
  },
  "minecraft:recipes/brewing/golden_carrot": {
    "criteria": {
      "has_gold_nugget": "2024-06-20 07:40:05 +0000"
    },
    "done": true
  },
  "domum_ornamentum:recipes/decorations/green_floating_carpet": {
    "criteria": {
      "has_string": "2024-06-20 07:40:05 +0000"
    },
    "done": true
  },
  "minecraft:recipes/redstone/tripwire_hook": {
    "criteria": {
      "has_string": "2024-06-20 07:40:05 +0000"
    },
    "done": true
  },
  "domum_ornamentum:recipes/decorations/orange_floating_carpet": {
    "criteria": {
      "has_string": "2024-06-20 07:40:05 +0000"
    },
    "done": true
  },
  "doggytalents:recipes/decorations/wig": {
    "criteria": {
      "has_string": "2024-06-20 07:40:05 +0000"
    },
    "done": true
  },
  "minecraft:recipes/decorations/candle": {
    "criteria": {
      "has_string": "2024-06-20 07:40:05 +0000"
    },
    "done": true
  },
  "domum_ornamentum:recipes/decorations/cyan_floating_carpet": {
    "criteria": {
      "has_string": "2024-06-20 07:40:05 +0000"
    },
    "done": true
  },
  "doggytalents:recipes/decorations/locator_orb_shin": {
    "criteria": {
      "has_string": "2024-06-20 07:40:05 +0000"
    },
    "done": true
  },
  "doggytalents:recipes/decorations/bach_wig": {
    "criteria": {
      "has_string": "2024-06-20 07:40:05 +0000"
    },
    "done": true
  },
  "doggytalents:recipes/decorations/wool_collar": {
    "criteria": {
      "has_string": "2024-06-20 07:40:05 +0000"
    },
    "done": true
  },
  "doggytalents:recipes/misc/gender_bone": {
    "criteria": {
      "has_string": "2024-06-20 07:40:05 +0000"
    },
    "done": true
  },
  "domum_ornamentum:recipes/decorations/yellow_floating_carpet": {
    "criteria": {
      "has_string": "2024-06-20 07:40:05 +0000"
    },
    "done": true
  },
  "domum_ornamentum:recipes/decorations/red_floating_carpet": {
    "criteria": {
      "has_string": "2024-06-20 07:40:05 +0000"
    },
    "done": true
  },
  "domum_ornamentum:recipes/decorations/brown_floating_carpet": {
    "criteria": {
      "has_string": "2024-06-20 07:40:05 +0000"
    },
    "done": true
  },
  "domum_ornamentum:recipes/decorations/black_floating_carpet": {
    "criteria": {
      "has_string": "2024-06-20 07:40:05 +0000"
    },
    "done": true
  },
  "domum_ornamentum:recipes/decorations/light_gray_floating_carpet": {
    "criteria": {
      "has_string": "2024-06-20 07:40:05 +0000"
    },
    "done": true
  },
  "doggytalents:recipes/decorations/locator_orb_dyable": {
    "criteria": {
      "has_string": "2024-06-20 07:40:05 +0000"
    },
    "done": true
  },
  "domum_ornamentum:recipes/decorations/lime_floating_carpet": {
    "criteria": {
      "has_string": "2024-06-20 07:40:05 +0000"
    },
    "done": true
  },
  "domum_ornamentum:recipes/decorations/white_floating_carpet": {
    "criteria": {
      "has_string": "2024-06-20 07:40:05 +0000"
    },
    "done": true
  },
  "minecraft:recipes/combat/bow": {
    "criteria": {
      "has_string": "2024-06-20 07:40:05 +0000"
    },
    "done": true
  },
  "minecraft:recipes/misc/gold_ingot_from_nuggets": {
    "criteria": {
      "has_gold_nugget": "2024-06-20 07:40:05 +0000"
    },
    "done": true
  },
  "doggytalents:recipes/decorations/guard_suit": {
    "criteria": {
      "has_string": "2024-06-20 07:40:05 +0000"
    },
    "done": true
  },
  "minecraft:recipes/tools/fishing_rod": {
    "criteria": {
      "has_string": "2024-06-20 07:40:05 +0000"
    },
    "done": true
  },
  "doggytalents:recipes/decorations/locator_orb_rei": {
    "criteria": {
      "has_string": "2024-06-20 07:40:05 +0000"
    },
    "done": true
  },
  "doggytalents:recipes/decorations/wool_collar_thicc": {
    "criteria": {
      "has_string": "2024-06-20 07:40:05 +0000"
    },
    "done": true
  },
  "doggytalents:recipes/tools/empty_locator_orb": {
    "criteria": {
      "has_string": "2024-06-20 07:40:05 +0000"
    },
    "done": true
  },
  "domum_ornamentum:recipes/decorations/pink_floating_carpet": {
    "criteria": {
      "has_string": "2024-06-20 07:40:05 +0000"
    },
    "done": true
  },
  "domum_ornamentum:recipes/decorations/light_blue_floating_carpet": {
    "criteria": {
      "has_string": "2024-06-20 07:40:05 +0000"
    },
    "done": true
  },
  "doggytalents:recipes/decorations/tengu_mask": {
    "criteria": {
      "has_string": "2024-06-20 07:40:05 +0000"
    },
    "done": true
  },
  "doggytalents:recipes/decorations/locator_orb_jin": {
    "criteria": {
      "has_string": "2024-06-20 07:40:05 +0000"
    },
    "done": true
  },
  "doggytalents:recipes/decorations/kitsune_mask": {
    "criteria": {
      "has_string": "2024-06-20 07:40:05 +0000"
    },
    "done": true
  },
  "minecraft:recipes/building_blocks/white_wool_from_string": {
    "criteria": {
      "has_string": "2024-06-20 07:40:05 +0000"
    },
    "done": true
  },
  "doggytalents:recipes/decorations/locator_orb_chu": {
    "criteria": {
      "has_string": "2024-06-20 07:40:05 +0000"
    },
    "done": true
  },
  "doggytalents:recipes/decorations/locator_orb_chi": {
    "criteria": {
      "has_string": "2024-06-20 07:40:05 +0000"
    },
    "done": true
  },
  "domum_ornamentum:recipes/decorations/blue_floating_carpet": {
    "criteria": {
      "has_string": "2024-06-20 07:40:05 +0000"
    },
    "done": true
  },
  "doggytalents:recipes/decorations/locator_orb_tei": {
    "criteria": {
      "has_string": "2024-06-20 07:40:05 +0000"
    },
    "done": true
  },
  "doggytalents:recipes/decorations/locator_orb_ko": {
    "criteria": {
      "has_string": "2024-06-20 07:40:05 +0000"
    },
    "done": true
  },
  "minecraft:recipes/decorations/loom": {
    "criteria": {
      "has_string": "2024-06-20 07:40:05 +0000"
    },
    "done": true
  },
  "doggytalents:recipes/decorations/locator_orb_gi": {
    "criteria": {
      "has_string": "2024-06-20 07:40:05 +0000"
    },
    "done": true
  },
  "domum_ornamentum:recipes/decorations/magenta_floating_carpet": {
    "criteria": {
      "has_string": "2024-06-20 07:40:05 +0000"
    },
    "done": true
  },
  "domum_ornamentum:recipes/decorations/purple_floating_carpet": {
    "criteria": {
      "has_string": "2024-06-20 07:40:05 +0000"
    },
    "done": true
  },
  "minecraft:recipes/misc/charcoal": {
    "criteria": {
      "has_log": "2024-06-20 07:40:26 +0000"
    },
    "done": true
  },
  "mcwbridges:recipes/dark_oak_bridge_pier": {
    "criteria": {
      "has_planks": "2024-06-20 07:40:26 +0000"
    },
    "done": true
  },
  "mcwdoors:recipes/dark_oak": {
    "criteria": {
      "has_wood": "2024-06-20 07:40:26 +0000"
    },
    "done": true
  },
  "minecraft:recipes/building_blocks/dark_oak_planks": {
    "criteria": {
      "has_log": "2024-06-20 07:40:26 +0000"
    },
    "done": true
  },
  "minecraft:recipes/building_blocks/dark_oak_wood": {
    "criteria": {
      "has_log": "2024-06-20 07:40:26 +0000"
    },
    "done": true
  },
  "minecraft:adventure/kill_all_mobs": {
    "criteria": {
      "minecraft:pillager": "2024-06-20 07:56:39 +0000",
      "minecraft:skeleton": "2024-06-20 07:51:58 +0000",
      "minecraft:guardian": "2024-06-21 03:57:13 +0000",
      "minecraft:vindicator": "2024-06-20 07:40:32 +0000",
      "minecraft:spider": "2024-06-20 07:44:44 +0000",
      "minecraft:creeper": "2024-06-20 08:31:29 +0000",
      "minecraft:stray": "2024-06-20 07:47:26 +0000",
      "minecraft:enderman": "2024-06-21 03:46:27 +0000",
      "minecraft:zombie": "2024-06-20 07:45:10 +0000",
      "minecraft:drowned": "2024-06-21 04:00:44 +0000",
      "minecraft:zombie_villager": "2024-06-20 07:46:55 +0000"
    },
    "done": false
  },
  "minecraft:adventure/root": {
    "criteria": {
      "killed_something": "2024-06-20 07:40:32 +0000"
    },
    "done": true
  },
  "minecraft:adventure/kill_a_mob": {
    "criteria": {
      "minecraft:vindicator": "2024-06-20 07:40:32 +0000"
    },
    "done": true
  },
  "aquamirae:adventure/root": {
    "criteria": {
      "crafting_table": "2024-06-20 07:40:50 +0000"
    },
    "done": true
  },
  "minecraft:story/root": {
    "criteria": {
      "crafting_table": "2024-06-20 07:40:50 +0000"
    },
    "done": true
  },
  "sophisticatedstorage:recipes/misc/dark_oak_barrel": {
    "criteria": {
      "has_dark_oak_plank": "2024-06-20 07:42:03 +0000"
    },
    "done": true
  },
  "minecraft:recipes/misc/stick": {
    "criteria": {
      "has_planks": "2024-06-20 07:42:03 +0000"
    },
    "done": true
  },
  "minecraft:recipes/building_blocks/dark_oak_stairs": {
    "criteria": {
      "has_planks": "2024-06-20 07:42:03 +0000"
    },
    "done": true
  },
  "sophisticatedstorage:recipes/misc/dark_oak_limited_barrel_2": {
    "criteria": {
      "has_dark_oak_plank": "2024-06-20 07:42:03 +0000"
    },
    "done": true
  },
  "sophisticatedstorage:recipes/misc/dark_oak_limited_barrel_1": {
    "criteria": {
      "has_dark_oak_plank": "2024-06-20 07:42:03 +0000"
    },
    "done": true
  },
  "sophisticatedstorage:recipes/misc/dark_oak_limited_barrel_4": {
    "criteria": {
      "has_dark_oak_plank": "2024-06-20 07:42:03 +0000"
    },
    "done": true
  },
  "sophisticatedstorage:recipes/misc/dark_oak_limited_barrel_3": {
    "criteria": {
      "has_dark_oak_plank": "2024-06-20 07:42:03 +0000"
    },
    "done": true
  },
  "minecraft:recipes/redstone/dark_oak_door": {
    "criteria": {
      "has_planks": "2024-06-20 07:42:03 +0000"
    },
    "done": true
  },
  "mcwbridges:recipes/dark_oak_log_bridge_middle": {
    "criteria": {
      "has_planks": "2024-06-20 07:42:03 +0000"
    },
    "done": true
  },
  "sophisticatedstorage:recipes/misc/dark_oak_chest": {
    "criteria": {
      "has_dark_oak_plank": "2024-06-20 07:42:03 +0000"
    },
    "done": true
  },
  "minecraft:recipes/decorations/barrel": {
    "criteria": {
      "has_planks": "2024-06-20 07:42:03 +0000"
    },
    "done": true
  },
  "minecraft:recipes/decorations/dark_oak_sign": {
    "criteria": {
      "has_planks": "2024-06-20 07:42:03 +0000"
    },
    "done": true
  },
  "minecraft:recipes/redstone/dark_oak_fence_gate": {
    "criteria": {
      "has_planks": "2024-06-20 07:42:03 +0000"
    },
    "done": true
  },
  "minecraft:recipes/redstone/dark_oak_trapdoor": {
    "criteria": {
      "has_planks": "2024-06-20 07:42:03 +0000"
    },
    "done": true
  },
  "minecraft:recipes/redstone/dark_oak_button": {
    "criteria": {
      "has_planks": "2024-06-20 07:42:03 +0000"
    },
    "done": true
  },
  "minecraft:recipes/redstone/dark_oak_pressure_plate": {
    "criteria": {
      "has_planks": "2024-06-20 07:42:03 +0000"
    },
    "done": true
  },
  "minecraft:recipes/decorations/dark_oak_fence": {
    "criteria": {
      "has_planks": "2024-06-20 07:42:03 +0000"
    },
    "done": true
  },
  "minecraft:recipes/building_blocks/dark_oak_slab": {
    "criteria": {
      "has_planks": "2024-06-20 07:42:03 +0000"
    },
    "done": true
  },
  "mcwbridges:recipes/rope_dark_oak_bridge": {
    "criteria": {
      "has_planks": "2024-06-20 07:42:03 +0000"
    },
    "done": true
  },
  "mcwbridges:recipes/dark_oak_rail_bridge": {
    "criteria": {
      "has_planks": "2024-06-20 07:42:03 +0000"
    },
    "done": true
  },
  "comforts:sleeping_bag_white": {
    "criteria": {
      "has_white_wool": "2024-06-20 07:44:12 +0000"
    },
    "done": true
  },
  "doggytalents:recipes/decorations/conan_suit": {
    "criteria": {
      "has_wool": "2024-06-20 07:44:12 +0000"
    },
    "done": true
  },
  "minecraft:recipes/decorations/white_bed": {
    "criteria": {
      "has_white_wool": "2024-06-20 07:44:12 +0000"
    },
    "done": true
  },
  "doggytalents:recipes/decorations/dog_plushie_toy_item": {
    "criteria": {
      "has_white_wool": "2024-06-20 07:44:12 +0000"
    },
    "done": true
  },
  "minecraft:recipes/decorations/painting": {
    "criteria": {
      "has_wool": "2024-06-20 07:44:12 +0000"
    },
    "done": true
  },
  "doggytalents:recipes/decorations/lab_coat": {
    "criteria": {
      "has_wool": "2024-06-20 07:44:12 +0000"
    },
    "done": true
  },
  "minecolonies:recipes/misc/blockconstructiontape": {
    "criteria": {
      "has_wool": "2024-06-20 07:44:12 +0000"
    },
    "done": true
  },
  "minecraft:recipes/decorations/white_carpet": {
    "criteria": {
      "has_white_wool": "2024-06-20 07:44:12 +0000"
    },
    "done": true
  },
  "doggytalents:recipes/decorations/beastars_uniform_male": {
    "criteria": {
      "has_wool": "2024-06-20 07:44:12 +0000"
    },
    "done": true
  },
  "minecraft:recipes/decorations/white_banner": {
    "criteria": {
      "has_white_wool": "2024-06-20 07:44:12 +0000"
    },
    "done": true
  },
  "comforts:hammock_white": {
    "criteria": {
      "has_white_wool": "2024-06-20 07:44:12 +0000"
    },
    "done": true
  },
  "doggytalents:recipes/building_blocks/dog_bed_def": {
    "criteria": {
      "has_wool": "2024-06-20 07:44:12 +0000"
    },
    "done": true
  },
  "doggytalents:recipes/decorations/beastars_uniform_female": {
    "criteria": {
      "has_wool": "2024-06-20 07:44:12 +0000"
    },
    "done": true
  },
  "minecraft:recipes/food/cooked_beef_from_smoking": {
    "criteria": {
      "has_beef": "2024-06-20 07:44:32 +0000"
    },
    "done": true
  },
  "minecraft:recipes/food/cooked_beef": {
    "criteria": {
      "has_beef": "2024-06-20 07:44:32 +0000"
    },
    "done": true
  },
  "minecraft:recipes/food/cooked_beef_from_campfire_cooking": {
    "criteria": {
      "has_beef": "2024-06-20 07:44:32 +0000"
    },
    "done": true
  },
  "minecraft:adventure/sleep_in_bed": {
    "criteria": {
      "slept_in_bed": "2024-06-20 07:49:21 +0000"
    },
    "done": true
  },
  "minecraft:adventure/voluntary_exile": {
    "criteria": {
      "voluntary_exile": "2024-06-20 08:01:00 +0000"
    },
    "done": true
  },
  "minecraft:recipes/redstone/dispenser": {
    "criteria": {
      "has_bow": "2024-06-20 08:01:21 +0000"
    },
    "done": true
  },
  "mcwbridges:recipes/spruce_rail_bridge": {
    "criteria": {
      "has_planks": "2024-06-20 08:06:03 +0000"
    },
    "done": true
  },
  "mcwbridges:recipes/rope_spruce_bridge": {
    "criteria": {
      "has_planks": "2024-06-20 08:06:03 +0000"
    },
    "done": true
  },
  "minecraft:recipes/decorations/spruce_fence": {
    "criteria": {
      "has_planks": "2024-06-20 08:06:03 +0000"
    },
    "done": true
  },
  "sophisticatedstorage:recipes/misc/spruce_limited_barrel_2": {
    "criteria": {
      "has_spruce_plank": "2024-06-20 08:06:03 +0000"
    },
    "done": true
  },
  "sophisticatedstorage:recipes/misc/spruce_limited_barrel_1": {
    "criteria": {
      "has_spruce_plank": "2024-06-20 08:06:03 +0000"
    },
    "done": true
  },
  "sophisticatedstorage:recipes/misc/spruce_limited_barrel_4": {
    "criteria": {
      "has_spruce_plank": "2024-06-20 08:06:03 +0000"
    },
    "done": true
  },
  "sophisticatedstorage:recipes/misc/spruce_limited_barrel_3": {
    "criteria": {
      "has_spruce_plank": "2024-06-20 08:06:03 +0000"
    },
    "done": true
  },
  "minecraft:recipes/redstone/spruce_button": {
    "criteria": {
      "has_planks": "2024-06-20 08:06:03 +0000"
    },
    "done": true
  },
  "minecraft:recipes/redstone/spruce_pressure_plate": {
    "criteria": {
      "has_planks": "2024-06-20 08:06:03 +0000"
    },
    "done": true
  },
  "sophisticatedstorage:recipes/misc/spruce_chest": {
    "criteria": {
      "has_spruce_plank": "2024-06-20 08:06:03 +0000"
    },
    "done": true
  },
  "minecraft:recipes/decorations/spruce_sign": {
    "criteria": {
      "has_planks": "2024-06-20 08:06:03 +0000"
    },
    "done": true
  },
  "minecraft:recipes/building_blocks/spruce_slab": {
    "criteria": {
      "has_planks": "2024-06-20 08:06:03 +0000"
    },
    "done": true
  },
  "mcwbridges:recipes/spruce_log_bridge_middle": {
    "criteria": {
      "has_planks": "2024-06-20 08:06:03 +0000"
    },
    "done": true
  },
  "minecraft:recipes/redstone/spruce_trapdoor": {
    "criteria": {
      "has_planks": "2024-06-20 08:06:03 +0000"
    },
    "done": true
  },
  "minecraft:recipes/redstone/spruce_door": {
    "criteria": {
      "has_planks": "2024-06-20 08:06:03 +0000"
    },
    "done": true
  },
  "minecraft:recipes/redstone/spruce_fence_gate": {
    "criteria": {
      "has_planks": "2024-06-20 08:06:03 +0000"
    },
    "done": true
  },
  "sophisticatedstorage:recipes/misc/spruce_barrel": {
    "criteria": {
      "has_spruce_plank": "2024-06-20 08:06:03 +0000"
    },
    "done": true
  },
  "minecraft:recipes/building_blocks/spruce_stairs": {
    "criteria": {
      "has_planks": "2024-06-20 08:06:03 +0000"
    },
    "done": true
  },
  "mcwbridges:recipes/spruce_bridge_pier": {
    "criteria": {
      "has_planks": "2024-06-20 08:06:37 +0000"
    },
    "done": true
  },
  "minecraft:recipes/building_blocks/spruce_wood": {
    "criteria": {
      "has_log": "2024-06-20 08:06:37 +0000"
    },
    "done": true
  },
  "minecraft:recipes/building_blocks/spruce_planks": {
    "criteria": {
      "has_logs": "2024-06-20 08:06:37 +0000"
    },
    "done": true
  },
  "mcwdoors:recipes/spruce": {
    "criteria": {
      "has_wood": "2024-06-20 08:06:37 +0000"
    },
    "done": true
  },
  "minecraft:recipes/food/cooked_porkchop": {
    "criteria": {
      "has_porkchop": "2024-06-20 08:07:26 +0000"
    },
    "done": true
  },
  "minecraft:recipes/food/cooked_porkchop_from_smoking": {
    "criteria": {
      "has_porkchop": "2024-06-20 08:07:26 +0000"
    },
    "done": true
  },
  "minecraft:recipes/food/cooked_porkchop_from_campfire_cooking": {
    "criteria": {
      "has_porkchop": "2024-06-20 08:07:26 +0000"
    },
    "done": true
  },
  "alexsmobs:alexsmobs/froststalker_kill": {
    "criteria": {
      "ex": "2024-06-20 08:10:56 +0000"
    },
    "done": true
  },
  "doggytalents:recipes/decorations/head_band_blank": {
    "criteria": {
      "has_paper": "2024-06-20 08:11:59 +0000"
    },
    "done": true
  },
  "doggytalents:recipes/decorations/birthday_hat_alt": {
    "criteria": {
      "has_paper": "2024-06-20 08:11:59 +0000"
    },
    "done": true
  },
  "minecraft:recipes/misc/book": {
    "criteria": {
      "has_paper": "2024-06-20 08:11:59 +0000"
    },
    "done": true
  },
  "domum_ornamentum:recipes/tools/white_paper_extra": {
    "criteria": {
      "has_material": "2024-06-20 08:11:59 +0000"
    },
    "done": true
  },
  "domum_ornamentum:recipes/tools/paper_extra": {
    "criteria": {
      "has_material": "2024-06-20 08:11:59 +0000"
    },
    "done": true
  },
  "minecraft:recipes/decorations/cartography_table": {
    "criteria": {
      "has_paper": "2024-06-20 08:11:59 +0000"
    },
    "done": true
  },
  "doggytalents:recipes/decorations/baker_hat": {
    "criteria": {
      "has_bread": "2024-06-20 08:12:11 +0000"
    },
    "done": true
  },
  "doggytalents:recipes/decorations/hot_dog": {
    "criteria": {
      "has_bread": "2024-06-20 08:12:11 +0000"
    },
    "done": true
  },
  "minecraft:story/iron_tools": {
    "criteria": {
      "iron_pickaxe": "2024-06-20 08:15:16 +0000"
    },
    "done": true
  },
  "minecraft:recipes/food/cooked_mutton_from_smoking": {
    "criteria": {
      "has_mutton": "2024-06-20 08:19:01 +0000"
    },
    "done": true
  },
  "minecraft:recipes/food/cooked_mutton": {
    "criteria": {
      "has_mutton": "2024-06-20 08:19:01 +0000"
    },
    "done": true
  },
  "minecraft:recipes/food/cooked_mutton_from_campfire_cooking": {
    "criteria": {
      "has_mutton": "2024-06-20 08:19:01 +0000"
    },
    "done": true
  },
  "minecraft:story/mine_stone": {
    "criteria": {
      "get_stone": "2024-06-20 08:23:32 +0000"
    },
    "done": true
  },
  "minecraft:recipes/decorations/furnace": {
    "criteria": {
      "has_cobblestone": "2024-06-20 08:23:32 +0000"
    },
    "done": true
  },
  "minecraft:recipes/building_blocks/cobblestone_slab_from_cobblestone_stonecutting": {
    "criteria": {
      "has_cobblestone": "2024-06-20 08:23:32 +0000"
    },
    "done": true
  },
  "minecraft:recipes/building_blocks/stone": {
    "criteria": {
      "has_cobblestone": "2024-06-20 08:23:32 +0000"
    },
    "done": true
  },
  "minecraft:recipes/tools/stone_pickaxe": {
    "criteria": {
      "has_cobblestone": "2024-06-20 08:23:32 +0000"
    },
    "done": true
  },
  "domum_ornamentum:recipes/tools/cobblestone_extra": {
    "criteria": {
      "has_material": "2024-06-20 08:23:32 +0000"
    },
    "done": true
  },
  "minecraft:recipes/building_blocks/cobblestone_slab": {
    "criteria": {
      "has_cobblestone": "2024-06-20 08:23:32 +0000"
    },
    "done": true
  },
  "minecraft:recipes/decorations/cobblestone_wall_from_cobblestone_stonecutting": {
    "criteria": {
      "has_cobblestone": "2024-06-20 08:23:32 +0000"
    },
    "done": true
  },
  "minecraft:recipes/building_blocks/cobblestone_stairs": {
    "criteria": {
      "has_cobblestone": "2024-06-20 08:23:32 +0000"
    },
    "done": true
  },
  "minecraft:recipes/tools/stone_shovel": {
    "criteria": {
      "has_cobblestone": "2024-06-20 08:23:32 +0000"
    },
    "done": true
  },
  "minecraft:recipes/redstone/lever": {
    "criteria": {
      "has_cobblestone": "2024-06-20 08:23:32 +0000"
    },
    "done": true
  },
  "domum_ornamentum:recipes/tools/blue_cobblestone_extra": {
    "criteria": {
      "has_material": "2024-06-20 08:23:32 +0000"
    },
    "done": true
  },
  "minecraft:recipes/combat/stone_sword": {
    "criteria": {
      "has_cobblestone": "2024-06-20 08:23:32 +0000"
    },
    "done": true
  },
  "minecraft:recipes/decorations/cobblestone_wall": {
    "criteria": {
      "has_cobblestone": "2024-06-20 08:23:32 +0000"
    },
    "done": true
  },
  "minecraft:recipes/tools/stone_axe": {
    "criteria": {
      "has_cobblestone": "2024-06-20 08:23:32 +0000"
    },
    "done": true
  },
  "mcwbridges:recipes/cobblestone_bridge": {
    "criteria": {
      "has_planks": "2024-06-20 08:23:32 +0000"
    },
    "done": true
  },
  "domum_ornamentum:recipes/tools/green_cobblestone_extra": {
    "criteria": {
      "has_material": "2024-06-20 08:23:32 +0000"
    },
    "done": true
  },
  "mcwbridges:recipes/cobblestone_bridge_pier": {
    "criteria": {
      "has_planks": "2024-06-20 08:23:32 +0000"
    },
    "done": true
  },
  "mcwbridges:recipes/cobblestone_bridge_stair": {
    "criteria": {
      "has_planks": "2024-06-20 08:23:32 +0000"
    },
    "done": true
  },
  "mcwbridges:recipes/balustrade_cobblestone_bridge": {
    "criteria": {
      "has_planks": "2024-06-20 08:23:32 +0000"
    },
    "done": true
  },
  "minecraft:recipes/building_blocks/cobblestone_stairs_from_cobblestone_stonecutting": {
    "criteria": {
      "has_cobblestone": "2024-06-20 08:23:32 +0000"
    },
    "done": true
  },
  "aquaculture:recipes/tools/stone_fillet_knife": {
    "criteria": {
      "has_items": "2024-06-20 08:23:32 +0000"
    },
    "done": true
  },
  "minecraft:recipes/tools/stone_hoe": {
    "criteria": {
      "has_cobblestone": "2024-06-20 08:23:32 +0000"
    },
    "done": true
  },
  "domum_ornamentum:recipes/tools/purple_cobblestone_extra": {
    "criteria": {
      "has_material": "2024-06-20 08:23:32 +0000"
    },
    "done": true
  },
  "minecraft:recipes/redstone/target": {
    "criteria": {
      "has_hay_block": "2024-06-20 08:23:54 +0000"
    },
    "done": true
  },
  "minecraft:recipes/misc/wheat": {
    "criteria": {
      "has_hay_block": "2024-06-20 08:23:54 +0000"
    },
    "done": true
  },
  "doggytalents:recipes/food/breeding_bone": {
    "criteria": {
      "has_cooked_porkchop": "2024-06-20 08:25:16 +0000"
    },
    "done": true
  },
  "doggytalents:recipes/food/sausage": {
    "criteria": {
      "has_cooked_porkchop": "2024-06-20 08:25:16 +0000"
    },
    "done": true
  },
  "chococraft:recipes/food/chocobo_drumstick_cooked_from_smoking": {
    "criteria": {
      "has_raw_drumstick": "2024-06-20 08:25:40 +0000"
    },
    "done": true
  },
  "chococraft:recipes/food/chocobo_drumstick_cooked_from_campfire_cooking": {
    "criteria": {
      "has_raw_drumstick": "2024-06-20 08:25:40 +0000"
    },
    "done": true
  },
  "chococraft:recipes/food/chocobo_drumstick_cooked": {
    "criteria": {
      "has_raw_drumstick": "2024-06-20 08:25:40 +0000"
    },
    "done": true
  },
  "minecraft:recipes/building_blocks/birch_wood": {
    "criteria": {
      "has_log": "2024-06-20 08:26:00 +0000"
    },
    "done": true
  },
  "mcwdoors:recipes/birch": {
    "criteria": {
      "has_wood": "2024-06-20 08:26:00 +0000"
    },
    "done": true
  },
  "minecraft:recipes/building_blocks/birch_planks": {
    "criteria": {
      "has_logs": "2024-06-20 08:26:00 +0000"
    },
    "done": true
  },
  "mcwbridges:recipes/birch_bridge_pier": {
    "criteria": {
      "has_planks": "2024-06-20 08:26:00 +0000"
    },
    "done": true
  },
  "minecraft:recipes/redstone/birch_button": {
    "criteria": {
      "has_planks": "2024-06-20 08:31:18 +0000"
    },
    "done": true
  },
  "minecraft:recipes/redstone/birch_door": {
    "criteria": {
      "has_planks": "2024-06-20 08:31:18 +0000"
    },
    "done": true
  },
  "minecraft:recipes/decorations/birch_fence": {
    "criteria": {
      "has_planks": "2024-06-20 08:31:18 +0000"
    },
    "done": true
  },
  "minecraft:recipes/decorations/birch_sign": {
    "criteria": {
      "has_planks": "2024-06-20 08:31:18 +0000"
    },
    "done": true
  },
  "minecraft:recipes/redstone/birch_fence_gate": {
    "criteria": {
      "has_planks": "2024-06-20 08:31:18 +0000"
    },
    "done": true
  },
  "minecraft:recipes/building_blocks/birch_slab": {
    "criteria": {
      "has_planks": "2024-06-20 08:31:18 +0000"
    },
    "done": true
  },
  "minecraft:recipes/building_blocks/birch_stairs": {
    "criteria": {
      "has_planks": "2024-06-20 08:31:18 +0000"
    },
    "done": true
  },
  "sophisticatedstorage:recipes/misc/birch_limited_barrel_4": {
    "criteria": {
      "has_birch_plank": "2024-06-20 08:31:18 +0000"
    },
    "done": true
  },
  "sophisticatedstorage:recipes/misc/birch_limited_barrel_3": {
    "criteria": {
      "has_birch_plank": "2024-06-20 08:31:18 +0000"
    },
    "done": true
  },
  "sophisticatedstorage:recipes/misc/birch_limited_barrel_2": {
    "criteria": {
      "has_birch_plank": "2024-06-20 08:31:18 +0000"
    },
    "done": true
  },
  "sophisticatedstorage:recipes/misc/birch_limited_barrel_1": {
    "criteria": {
      "has_birch_plank": "2024-06-20 08:31:18 +0000"
    },
    "done": true
  },
  "mcwbridges:recipes/birch_rail_bridge": {
    "criteria": {
      "has_planks": "2024-06-20 08:31:18 +0000"
    },
    "done": true
  },
  "sophisticatedstorage:recipes/misc/birch_chest": {
    "criteria": {
      "has_birch_plank": "2024-06-20 08:31:18 +0000"
    },
    "done": true
  },
  "sophisticatedstorage:recipes/misc/birch_barrel": {
    "criteria": {
      "has_birch_plank": "2024-06-20 08:31:18 +0000"
    },
    "done": true
  },
  "mcwbridges:recipes/birch_log_bridge_middle": {
    "criteria": {
      "has_planks": "2024-06-20 08:31:18 +0000"
    },
    "done": true
  },
  "minecraft:recipes/redstone/birch_trapdoor": {
    "criteria": {
      "has_planks": "2024-06-20 08:31:18 +0000"
    },
    "done": true
  },
  "minecraft:recipes/redstone/birch_pressure_plate": {
    "criteria": {
      "has_planks": "2024-06-20 08:31:18 +0000"
    },
    "done": true
  },
  "mcwbridges:recipes/rope_birch_bridge": {
    "criteria": {
      "has_planks": "2024-06-20 08:31:18 +0000"
    },
    "done": true
  },
  "blue_skies:recipes/building_blocks/food_prep_table": {
    "criteria": {
      "has_item": "2024-06-20 08:31:54 +0000"
    },
    "done": true
  },
  "minecraft:recipes/decorations/smoker": {
    "criteria": {
      "has_furnace": "2024-06-20 08:31:54 +0000"
    },
    "done": true
  },
  "sophisticatedbackpacks:recipes/misc/gold_backpack": {
    "criteria": {
      "has_iron_backpack": "2024-06-20 08:33:59 +0000"
    },
    "done": true
  },
  "doggytalents:recipes/tools/throw_bone": {
    "criteria": {
      "has_bone": "2024-06-20 08:34:14 +0000"
    },
    "done": true
  },
  "minecraft:recipes/misc/bone_meal": {
    "criteria": {
      "has_bone": "2024-06-20 08:34:14 +0000"
    },
    "done": true
  },
  "doggytalents:recipes/tools/conducting_bone": {
    "criteria": {
      "has_bone": "2024-06-20 08:34:14 +0000"
    },
    "done": true
  },
  "minecraft:recipes/building_blocks/stone_bricks": {
    "criteria": {
      "has_stone": "2024-06-20 08:35:02 +0000"
    },
    "done": true
  },
  "minecraft:recipes/building_blocks/stone_bricks_from_stone_stonecutting": {
    "criteria": {
      "has_stone": "2024-06-20 08:35:02 +0000"
    },
    "done": true
  },
  "minecraft:recipes/building_blocks/stone_slab": {
    "criteria": {
      "has_stone": "2024-06-20 08:35:02 +0000"
    },
    "done": true
  },
  "minecraft:recipes/building_blocks/stone_stairs_from_stone_stonecutting": {
    "criteria": {
      "has_stone": "2024-06-20 08:35:02 +0000"
    },
    "done": true
  },
  "minecraft:recipes/redstone/stone_button": {
    "criteria": {
      "has_stone": "2024-06-20 08:35:02 +0000"
    },
    "done": true
  },
  "minecraft:recipes/redstone/stone_pressure_plate": {
    "criteria": {
      "has_stone": "2024-06-20 08:35:02 +0000"
    },
    "done": true
  },
  "minecraft:recipes/building_blocks/stone_stairs": {
    "criteria": {
      "has_stone": "2024-06-20 08:35:02 +0000"
    },
    "done": true
  },
  "minecraft:recipes/decorations/stonecutter": {
    "criteria": {
      "has_stone": "2024-06-20 08:35:02 +0000"
    },
    "done": true
  },
  "minecraft:recipes/building_blocks/smooth_stone": {
    "criteria": {
      "has_stone": "2024-06-20 08:35:02 +0000"
    },
    "done": true
  },
  "minecraft:recipes/decorations/stone_brick_walls_from_stone_stonecutting": {
    "criteria": {
      "has_stone": "2024-06-20 08:35:02 +0000"
    },
    "done": true
  },
  "minecraft:recipes/building_blocks/stone_brick_slab_from_stone_stonecutting": {
    "criteria": {
      "has_stone": "2024-06-20 08:35:02 +0000"
    },
    "done": true
  },
  "minecraft:recipes/building_blocks/stone_brick_stairs_from_stone_stonecutting": {
    "criteria": {
      "has_stone": "2024-06-20 08:35:02 +0000"
    },
    "done": true
  },
  "minecraft:recipes/building_blocks/stone_slab_from_stone_stonecutting": {
    "criteria": {
      "has_stone": "2024-06-20 08:35:02 +0000"
    },
    "done": true
  },
  "minecraft:recipes/building_blocks/chiseled_stone_bricks_stone_from_stonecutting": {
    "criteria": {
      "has_stone": "2024-06-20 08:35:02 +0000"
    },
    "done": true
  },
  "betterdungeons:small_dungeon": {
    "criteria": {
      "in_better_monster_room": "2024-06-20 08:36:11 +0000"
    },
    "done": true
  },
  "betterdungeons:all_dungeons": {
    "criteria": {
      "in_better_monster_room": "2024-06-20 08:36:11 +0000"
    },
    "done": false
  },
  "minecraft:recipes/brewing/cauldron": {
    "criteria": {
      "has_water_bucket": "2024-06-20 08:36:16 +0000"
    },
    "done": true
  },
  "minecraft:recipes/building_blocks/mossy_cobblestone_from_moss_block": {
    "criteria": {
      "has_moss_block": "2024-06-20 08:40:33 +0000"
    },
    "done": true
  },
  "minecraft:recipes/brewing/fermented_spider_eye": {
    "criteria": {
      "has_spider_eye": "2024-06-20 08:40:33 +0000"
    },
    "done": true
  },
  "minecraft:recipes/decorations/moss_carpet": {
    "criteria": {
      "has_moss_block": "2024-06-20 08:40:33 +0000"
    },
    "done": true
  },
  "minecraft:recipes/building_blocks/mossy_stone_bricks_from_moss_block": {
    "criteria": {
      "has_moss_block": "2024-06-20 08:40:33 +0000"
    },
    "done": true
  },
  "minecraft:recipes/combat/diamond_sword": {
    "criteria": {
      "has_diamond": "2024-06-20 08:40:56 +0000"
    },
    "done": true
  },
  "minecraft:recipes/decorations/jukebox": {
    "criteria": {
      "has_diamond": "2024-06-20 08:40:56 +0000"
    },
    "done": true
  },
  "minecraft:recipes/combat/diamond_chestplate": {
    "criteria": {
      "has_diamond": "2024-06-20 08:40:56 +0000"
    },
    "done": true
  },
  "minecraft:recipes/tools/diamond_pickaxe": {
    "criteria": {
      "has_diamond": "2024-06-20 08:40:56 +0000"
    },
    "done": true
  },
  "minecraft:recipes/tools/diamond_hoe": {
    "criteria": {
      "has_diamond": "2024-06-20 08:40:56 +0000"
    },
    "done": true
  },
  "minecraft:recipes/tools/diamond_shovel": {
    "criteria": {
      "has_diamond": "2024-06-20 08:40:56 +0000"
    },
    "done": true
  },
  "minecraft:recipes/combat/diamond_helmet": {
    "criteria": {
      "has_diamond": "2024-06-20 08:40:56 +0000"
    },
    "done": true
  },
  "minecraft:recipes/building_blocks/diamond_block": {
    "criteria": {
      "has_diamond": "2024-06-20 08:40:56 +0000"
    },
    "done": true
  },
  "minecraft:story/mine_diamond": {
    "criteria": {
      "diamond": "2024-06-20 08:40:56 +0000"
    },
    "done": true
  },
  "minecraft:recipes/combat/diamond_leggings": {
    "criteria": {
      "has_diamond": "2024-06-20 08:40:56 +0000"
    },
    "done": true
  },
  "aquaculture:recipes/tools/diamond_fillet_knife": {
    "criteria": {
      "has_items": "2024-06-20 08:40:56 +0000"
    },
    "done": true
  },
  "minecraft:recipes/combat/diamond_boots": {
    "criteria": {
      "has_diamond": "2024-06-20 08:40:56 +0000"
    },
    "done": true
  },
  "betterarcheology:recipes/recipe_diamond_brush": {
    "criteria": {
      "has_item": "2024-06-20 08:40:56 +0000"
    },
    "done": true
  },
  "minecraft:recipes/tools/diamond_axe": {
    "criteria": {
      "has_diamond": "2024-06-20 08:40:56 +0000"
    },
    "done": true
  },
  "doggytalents:recipes/food/uncooked_rice_bowl": {
    "criteria": {
      "has_dtn_rice_grains": "2024-06-20 08:40:59 +0000"
    },
    "done": true
  },
  "doggytalents:recipes/food/training_treat": {
    "criteria": {
      "has_dtn_rice_grains": "2024-06-20 08:40:59 +0000"
    },
    "done": true
  },
  "alexsmobs:alexsmobs/murmur": {
    "criteria": {
      "killed_by": "2024-06-20 08:42:30 +0000"
    },
    "done": true
  },
  "minecraft:story/shiny_gear": {
    "criteria": {
      "diamond_chestplate": "2024-06-20 08:52:42 +0000"
    },
    "done": true
  },
  "minecraft:recipes/building_blocks/dripstone_block": {
    "criteria": {
      "has_pointed_dripstone": "2024-06-20 08:52:59 +0000"
    },
    "done": true
  },
  "minecraft:recipes/building_blocks/polished_deepslate": {
    "criteria": {
      "has_cobbled_deepslate": "2024-06-20 08:54:55 +0000"
    },
    "done": true
  },
  "minecraft:recipes/building_blocks/deepslate_tile_stairs_from_cobbled_deepslate_stonecutting": {
    "criteria": {
      "has_cobbled_deepslate": "2024-06-20 08:54:55 +0000"
    },
    "done": true
  },
  "minecraft:recipes/building_blocks/cobbled_deepslate_slab": {
    "criteria": {
      "has_cobbled_deepslate": "2024-06-20 08:54:55 +0000"
    },
    "done": true
  },
  "minecraft:recipes/building_blocks/polished_deepslate_stairs_from_cobbled_deepslate_stonecutting": {
    "criteria": {
      "has_cobbled_deepslate": "2024-06-20 08:54:55 +0000"
    },
    "done": true
  },
  "minecraft:recipes/decorations/deepslate_brick_wall_from_cobbled_deepslate_stonecutting": {
    "criteria": {
      "has_cobbled_deepslate": "2024-06-20 08:54:55 +0000"
    },
    "done": true
  },
  "minecraft:recipes/building_blocks/polished_deepslate_from_cobbled_deepslate_stonecutting": {
    "criteria": {
      "has_cobbled_deepslate": "2024-06-20 08:54:55 +0000"
    },
    "done": true
  },
  "minecraft:recipes/building_blocks/cobbled_deepslate_slab_from_cobbled_deepslate_stonecutting": {
    "criteria": {
      "has_cobbled_deepslate": "2024-06-20 08:54:55 +0000"
    },
    "done": true
  },
  "minecraft:recipes/building_blocks/deepslate_tile_slab_from_cobbled_deepslate_stonecutting": {
    "criteria": {
      "has_cobbled_deepslate": "2024-06-20 08:54:55 +0000"
    },
    "done": true
  },
  "minecraft:recipes/decorations/deepslate_tile_wall_from_cobbled_deepslate_stonecutting": {
    "criteria": {
      "has_cobbled_deepslate": "2024-06-20 08:54:55 +0000"
    },
    "done": true
  },
  "minecraft:recipes/building_blocks/deepslate_brick_stairs_from_cobbled_deepslate_stonecutting": {
    "criteria": {
      "has_cobbled_deepslate": "2024-06-20 08:54:55 +0000"
    },
    "done": true
  },
  "minecraft:recipes/building_blocks/chiseled_deepslate_from_cobbled_deepslate_stonecutting": {
    "criteria": {
      "has_cobbled_deepslate": "2024-06-20 08:54:55 +0000"
    },
    "done": true
  },
  "minecraft:recipes/decorations/cobbled_deepslate_wall_from_cobbled_deepslate_stonecutting": {
    "criteria": {
      "has_cobbled_deepslate": "2024-06-20 08:54:55 +0000"
    },
    "done": true
  },
  "minecraft:recipes/decorations/cobbled_deepslate_wall": {
    "criteria": {
      "has_cobbled_deepslate": "2024-06-20 08:54:55 +0000"
    },
    "done": true
  },
  "minecraft:recipes/decorations/polished_deepslate_wall_from_cobbled_deepslate_stonecutting": {
    "criteria": {
      "has_cobbled_deepslate": "2024-06-20 08:54:55 +0000"
    },
    "done": true
  },
  "minecraft:recipes/building_blocks/cobbled_deepslate_stairs_from_cobbled_deepslate_stonecutting": {
    "criteria": {
      "has_cobbled_deepslate": "2024-06-20 08:54:55 +0000"
    },
    "done": true
  },
  "minecraft:recipes/building_blocks/deepslate": {
    "criteria": {
      "has_cobbled_deepslate": "2024-06-20 08:54:55 +0000"
    },
    "done": true
  },
  "minecraft:recipes/building_blocks/polished_deepslate_slab_from_cobbled_deepslate_stonecutting": {
    "criteria": {
      "has_cobbled_deepslate": "2024-06-20 08:54:55 +0000"
    },
    "done": true
  },
  "minecraft:recipes/building_blocks/deepslate_brick_slab_from_cobbled_deepslate_stonecutting": {
    "criteria": {
      "has_cobbled_deepslate": "2024-06-20 08:54:55 +0000"
    },
    "done": true
  },
  "minecraft:recipes/building_blocks/cobbled_deepslate_stairs": {
    "criteria": {
      "has_cobbled_deepslate": "2024-06-20 08:54:55 +0000"
    },
    "done": true
  },
  "minecraft:recipes/building_blocks/deepslate_bricks_from_cobbled_deepslate_stonecutting": {
    "criteria": {
      "has_cobbled_deepslate": "2024-06-20 08:54:55 +0000"
    },
    "done": true
  },
  "minecraft:recipes/building_blocks/deepslate_tiles_from_cobbled_deepslate_stonecutting": {
    "criteria": {
      "has_cobbled_deepslate": "2024-06-20 08:54:55 +0000"
    },
    "done": true
  },
  "minecraft:recipes/building_blocks/raw_iron_block": {
    "criteria": {
      "has_raw_iron": "2024-06-21 03:53:13 +0000"
    },
    "done": true
  },
  "minecraft:recipes/misc/iron_ingot_from_blasting_raw_iron": {
    "criteria": {
      "has_raw_iron": "2024-06-21 03:53:13 +0000"
    },
    "done": true
  },
  "minecraft:recipes/misc/iron_ingot_from_smelting_raw_iron": {
    "criteria": {
      "has_raw_iron": "2024-06-21 03:53:13 +0000"
    },
    "done": true
  },
  "minecraft:recipes/combat/leather_helmet": {
    "criteria": {
      "has_leather": "2024-06-21 04:16:07 +0000"
    },
    "done": true
  },
  "minecolonies:recipes/misc/supplycampdeployer": {
    "criteria": {
      "has_chest": "2024-06-21 04:15:51 +0000"
    },
    "done": true
  },
  "minecraft:recipes/tools/golden_axe": {
    "criteria": {
      "has_gold_ingot": "2024-06-21 04:03:44 +0000"
    },
    "done": true
  },
  "minecraft:recipes/decorations/oak_sign": {
    "criteria": {
      "has_planks": "2024-06-21 04:30:37 +0000"
    },
    "done": true
  },
  "minecraft:recipes/tools/golden_pickaxe": {
    "criteria": {
      "has_gold_ingot": "2024-06-21 04:03:44 +0000"
    },
    "done": true
  },
  "minecraft:recipes/misc/gold_nugget": {
    "criteria": {
      "has_gold_ingot": "2024-06-21 04:03:44 +0000"
    },
    "done": true
  },
  "minecraft:recipes/tools/golden_shovel": {
    "criteria": {
      "has_gold_ingot": "2024-06-21 04:03:44 +0000"
    },
    "done": true
  },
  "minecraft:recipes/food/golden_apple": {
    "criteria": {
      "has_gold_ingot": "2024-06-21 04:03:44 +0000"
    },
    "done": true
  },
  "minecraft:recipes/combat/golden_boots": {
    "criteria": {
      "has_gold_ingot": "2024-06-21 04:03:44 +0000"
    },
    "done": true
  },
  "minecraft:recipes/transportation/spruce_chest_boat": {
    "criteria": {
      "has_boat": "2024-06-21 04:03:27 +0000"
    },
    "done": true
  },
  "doggytalents:recipes/decorations/plague_doctor_mask": {
    "criteria": {
      "has_leather": "2024-06-21 04:16:07 +0000"
    },
    "done": true
  },
  "minecraft:recipes/combat/leather_chestplate": {
    "criteria": {
      "has_leather": "2024-06-21 04:16:07 +0000"
    },
    "done": true
  },
  "minecraft:recipes/transportation/jungle_chest_boat": {
    "criteria": {
      "has_boat": "2024-06-21 04:03:27 +0000"
    },
    "done": true
  },
  "minecraft:recipes/combat/golden_chestplate": {
    "criteria": {
      "has_gold_ingot": "2024-06-21 04:03:44 +0000"
    },
    "done": true
  },
  "minecraft:recipes/misc/red_dye_from_poppy": {
    "criteria": {
      "has_poppy": "2024-06-21 04:26:49 +0000"
    },
    "done": true
  },
  "minecraft:recipes/transportation/mangrove_chest_boat": {
    "criteria": {
      "has_boat": "2024-06-21 04:03:27 +0000"
    },
    "done": true
  },
  "minecraft:recipes/misc/leather_horse_armor": {
    "criteria": {
      "has_leather": "2024-06-21 04:16:07 +0000"
    },
    "done": true
  },
  "minecraft:recipes/transportation/oak_chest_boat": {
    "criteria": {
      "has_boat": "2024-06-21 04:03:27 +0000"
    },
    "done": true
  },
  "mcwbridges:recipes/oak_log_bridge_middle": {
    "criteria": {
      "has_planks": "2024-06-21 04:30:37 +0000"
    },
    "done": true
  },
  "minecraft:recipes/redstone/light_weighted_pressure_plate": {
    "criteria": {
      "has_gold_ingot": "2024-06-21 04:03:44 +0000"
    },
    "done": true
  },
  "doggytalents:recipes/decorations/tantan_cape": {
    "criteria": {
      "has_leather": "2024-06-21 04:16:07 +0000"
    },
    "done": true
  },
  "sophisticatedbackpacks:recipes/misc/backpack": {
    "criteria": {
      "has_leather": "2024-06-21 04:16:07 +0000"
    },
    "done": true
  },
  "minecraft:recipes/building_blocks/oak_slab": {
    "criteria": {
      "has_planks": "2024-06-21 04:30:37 +0000"
    },
    "done": true
  },
  "deeperdarker:recipes/transportation/echo_chest_boat": {
    "criteria": {
      "has_boat": "2024-06-21 04:03:27 +0000"
    },
    "done": true
  },
  "minecraft:recipes/transportation/bamboo_chest_raft": {
    "criteria": {
      "has_boat": "2024-06-21 04:03:27 +0000"
    },
    "done": true
  },
  "doggytalents:recipes/tools/feathered_mantle": {
    "criteria": {
      "has_feather": "2024-06-21 04:00:52 +0000"
    },
    "done": true
  },
  "sophisticatedstorage:recipes/misc/oak_chest": {
    "criteria": {
      "has_oak_plank": "2024-06-21 04:30:37 +0000"
    },
    "done": true
  },
  "minecraft:recipes/redstone/oak_fence_gate": {
    "criteria": {
      "has_planks": "2024-06-21 04:30:37 +0000"
    },
    "done": true
  },
  "minecraft:recipes/decorations/item_frame": {
    "criteria": {
      "has_leather": "2024-06-21 04:16:07 +0000"
    },
    "done": true
  },
  "minecraft:recipes/redstone/oak_door": {
    "criteria": {
      "has_planks": "2024-06-21 04:30:37 +0000"
    },
    "done": true
  },
  "mcwbridges:recipes/bridge_lantern": {
    "criteria": {
      "has_planks": "2024-06-21 04:39:20 +0000"
    },
    "done": true
  },
  "minecraft:recipes/combat/golden_sword": {
    "criteria": {
      "has_gold_ingot": "2024-06-21 04:03:44 +0000"
    },
    "done": true
  },
  "sophisticatedstorage:recipes/misc/oak_chest_from_vanilla_chest": {
    "criteria": {
      "has_vanilla_chest": "2024-06-21 04:15:51 +0000"
    },
    "done": true
  },
  "minecraft:recipes/building_blocks/gold_block": {
    "criteria": {
      "has_gold_ingot": "2024-06-21 04:03:44 +0000"
    },
    "done": true
  },
  "minecraft:recipes/misc/blue_dye_from_cornflower": {
    "criteria": {
      "has_cornflower": "2024-06-21 04:28:09 +0000"
    },
    "done": true
  },
  "minecraft:recipes/building_blocks/oak_planks": {
    "criteria": {
      "has_logs": "2024-06-21 04:06:39 +0000"
    },
    "done": true
  },
  "mcwbridges:recipes/bridge_torch": {
    "criteria": {
      "has_planks": "2024-06-21 04:06:39 +0000"
    },
    "done": true
  },
  "minecraft:recipes/combat/leather_boots": {
    "criteria": {
      "has_leather": "2024-06-21 04:16:07 +0000"
    },
    "done": true
  },
  "doggytalents:recipes/decorations/cape_coloured": {
    "criteria": {
      "has_leather": "2024-06-21 04:16:07 +0000"
    },
    "done": true
  },
  "mcwlights:recipes/tiki_torches": {
    "criteria": {
      "has_wood": "2024-06-21 04:06:39 +0000"
    },
    "done": true
  },
  "aquaculture:recipes/tools/gold_fillet_knife": {
    "criteria": {
      "has_items": "2024-06-21 04:03:44 +0000"
    },
    "done": true
  },
  "mcwbridges:recipes/asian_red_bridge_pier": {
    "criteria": {
      "has_planks": "2024-06-21 04:30:37 +0000"
    },
    "done": true
  },
  "minecraft:recipes/building_blocks/oak_wood": {
    "criteria": {
      "has_log": "2024-06-21 04:06:39 +0000"
    },
    "done": true
  },
  "minecraft:recipes/combat/leather_leggings": {
    "criteria": {
      "has_leather": "2024-06-21 04:16:07 +0000"
    },
    "done": true
  },
  "doggytalents:recipes/decorations/leather_jacket": {
    "criteria": {
      "has_leather": "2024-06-21 04:16:07 +0000"
    },
    "done": true
  },
  "doggytalents:recipes/tools/shrinking_mallet": {
    "criteria": {
      "has_gold_ingot": "2024-06-21 04:03:44 +0000"
    },
    "done": true
  },
  "minecraft:recipes/redstone/oak_trapdoor": {
    "criteria": {
      "has_planks": "2024-06-21 04:30:37 +0000"
    },
    "done": true
  },
  "sophisticatedstorage:recipes/misc/oak_limited_barrel_1": {
    "criteria": {
      "has_oak_plank": "2024-06-21 04:30:37 +0000"
    },
    "done": true
  },
  "sophisticatedstorage:recipes/misc/oak_limited_barrel_2": {
    "criteria": {
      "has_oak_plank": "2024-06-21 04:30:37 +0000"
    },
    "done": true
  },
  "sophisticatedstorage:recipes/misc/oak_limited_barrel_3": {
    "criteria": {
      "has_oak_plank": "2024-06-21 04:30:37 +0000"
    },
    "done": true
  },
  "sophisticatedstorage:recipes/misc/oak_limited_barrel_4": {
    "criteria": {
      "has_oak_plank": "2024-06-21 04:30:37 +0000"
    },
    "done": true
  },
  "sophisticatedstorage:recipes/misc/oak_barrel": {
    "criteria": {
      "has_oak_plank": "2024-06-21 04:30:37 +0000"
    },
    "done": true
  },
  "minecraft:recipes/combat/golden_helmet": {
    "criteria": {
      "has_gold_ingot": "2024-06-21 04:03:44 +0000"
    },
    "done": true
  },
  "minecraft:recipes/transportation/acacia_chest_boat": {
    "criteria": {
      "has_boat": "2024-06-21 04:03:27 +0000"
    },
    "done": true
  },
  "minecraft:recipes/building_blocks/oak_stairs": {
    "criteria": {
      "has_planks": "2024-06-21 04:30:37 +0000"
    },
    "done": true
  },
  "minecraft:recipes/decorations/oak_fence": {
    "criteria": {
      "has_planks": "2024-06-21 04:30:37 +0000"
    },
    "done": true
  },
  "minecraft:recipes/misc/yellow_dye_from_dandelion": {
    "criteria": {
      "has_dandelion": "2024-06-21 04:25:25 +0000"
    },
    "done": true
  },
  "doggytalents:recipes/tools/magnifying_bone": {
    "criteria": {
      "has_gold_ingot": "2024-06-21 04:03:44 +0000"
    },
    "done": true
  },
  "alexsmobs:alexsmobs/seagull_steal": {
    "criteria": {
      "ex": "2024-06-21 03:59:21 +0000"
    },
    "done": true
  },
  "minecolonies:recipes/misc/supplychestdeployer": {
    "criteria": {
      "has_boat": "2024-06-21 04:03:27 +0000"
    },
    "done": true
  },
  "mcwbridges:recipes/asian_red_bridge": {
    "criteria": {
      "has_planks": "2024-06-21 04:30:37 +0000"
    },
    "done": true
  },
  "doggytalents:recipes/tools/canine_tracker": {
    "criteria": {
      "has_gold_ingot": "2024-06-21 04:03:44 +0000"
    },
    "done": true
  },
  "minecraft:recipes/transportation/cherry_chest_boat": {
    "criteria": {
      "has_boat": "2024-06-21 04:03:27 +0000"
    },
    "done": true
  },
  "minecraft:recipes/transportation/birch_chest_boat": {
    "criteria": {
      "has_boat": "2024-06-21 04:03:27 +0000"
    },
    "done": true
  },
  "minecraft:recipes/building_blocks/coal_block": {
    "criteria": {
      "has_coal": "2024-06-21 04:39:20 +0000"
    },
    "done": true
  },
  "mcwbridges:recipes/rope_oak_bridge": {
    "criteria": {
      "has_planks": "2024-06-21 04:30:37 +0000"
    },
    "done": true
  },
  "minecraft:recipes/redstone/oak_button": {
    "criteria": {
      "has_planks": "2024-06-21 04:30:37 +0000"
    },
    "done": true
  },
  "mcwbridges:recipes/oak_rail_bridge": {
    "criteria": {
      "has_planks": "2024-06-21 04:30:37 +0000"
    },
    "done": true
  },
  "doggytalents:recipes/tools/treat_bag": {
    "criteria": {
      "has_leather": "2024-06-21 04:16:07 +0000"
    },
    "done": true
  },
  "minecraft:recipes/transportation/dark_oak_chest_boat": {
    "criteria": {
      "has_boat": "2024-06-21 04:03:27 +0000"
    },
    "done": true
  },
  "mcwbridges:recipes/oak_bridge_pier": {
    "criteria": {
      "has_planks": "2024-06-21 04:06:39 +0000"
    },
    "done": true
  },
  "mcwlights:recipes/paper_lamp": {
    "criteria": {
      "has_wood": "2024-06-21 04:06:39 +0000"
    },
    "done": true
  },
  "sophisticatedbackpacks:recipes/misc/upgrade_base": {
    "criteria": {
      "has_leather": "2024-06-21 04:16:07 +0000"
    },
    "done": true
  },
  "minecraft:recipes/redstone/oak_pressure_plate": {
    "criteria": {
      "has_planks": "2024-06-21 04:30:37 +0000"
    },
    "done": true
  },
  "sophisticatedbackpacks:recipes/misc/copper_backpack": {
    "criteria": {
      "has_backpack": "2024-06-21 04:28:19 +0000"
    },
    "done": true
  },
  "minecraft:recipes/building_blocks/sea_lantern": {
    "criteria": {
      "has_prismarine_crystals": "2024-06-21 03:57:26 +0000"
    },
    "done": true
  },
  "minecraft:recipes/tools/golden_hoe": {
    "criteria": {
      "has_gold_ingot": "2024-06-21 04:03:44 +0000"
    },
    "done": true
  },
  "mcwdoors:recipes/oak": {
    "criteria": {
      "has_wood": "2024-06-21 04:06:39 +0000"
    },
    "done": true
  },
  "mcwlights:recipes/lantern": {
    "criteria": {
      "has_wood": "2024-06-21 04:06:39 +0000"
    },
    "done": true
  },
  "mcwlights:recipes/torches": {
    "criteria": {
      "has_wood": "2024-06-21 04:39:20 +0000"
    },
    "done": true
  },
  "minecraft:recipes/combat/golden_leggings": {
    "criteria": {
      "has_gold_ingot": "2024-06-21 04:03:44 +0000"
    },
    "done": true
  },
  "sophisticatedbackpacks:recipes/misc/iron_backpack": {
    "criteria": {
      "has_backpack": "2024-06-21 04:28:19 +0000"
    },
    "done": true
  },
  "DataVersion": 3465
}