{
  "minecraft:recipes/decorations/crafting_table": {
    "criteria": {
      "unlock_right_away": "2024-06-20 07:33:58 +0000"
    },
    "done": true
  },
  "dungeons_arise:wda_root": {
    "criteria": {
      "WDA": "2024-06-20 07:33:58 +0000"
    },
    "done": true
  },
  "betterdungeons:root": {
    "criteria": {
      "always": "2024-06-20 07:33:58 +0000"
    },
    "done": true
  },
  "betterdeserttemples:root": {
    "criteria": {
      "always": "2024-06-20 07:33:58 +0000"
    },
    "done": true
  },
  "minecraft:adventure/adventuring_time": {
    "criteria": {
      "minecraft:deep_ocean": "2024-06-21 03:54:14 +0000",
      "minecraft:frozen_river": "2024-06-20 08:04:13 +0000",
      "minecraft:beach": "2024-06-20 08:34:15 +0000",
      "minecraft:dark_forest": "2024-06-20 08:22:19 +0000",
      "minecraft:river": "2024-06-21 03:51:51 +0000",
      "minecraft:snowy_plains": "2024-06-20 07:34:01 +0000",
      "minecraft:cold_ocean": "2024-06-21 04:11:00 +0000",
      "minecraft:forest": "2024-06-21 04:11:54 +0000",
      "minecraft:lush_caves": "2024-06-20 08:35:03 +0000",
      "minecraft:ice_spikes": "2024-06-20 07:44:25 +0000",
      "minecraft:frozen_ocean": "2024-06-20 07:35:31 +0000",
      "minecraft:ocean": "2024-06-21 03:53:15 +0000",
      "minecraft:snowy_beach": "2024-06-20 07:39:10 +0000",
      "minecraft:old_growth_birch_forest": "2024-06-20 08:21:26 +0000",
      "minecraft:plains": "2024-06-21 04:12:08 +0000"
    },
    "done": false
  },
  "aquaculture:recipes/decorations/dark_oak_fish_mount": {
    "criteria": {
      "has_items": "2024-06-20 07:34:31 +0000"
    },
    "done": true
  },
  "aquaculture:recipes/decorations/acacia_fish_mount": {
    "criteria": {
      "has_items": "2024-06-20 07:34:31 +0000"
    },
    "done": true
  },
  "aquaculture:recipes/food/sushi": {
    "criteria": {
      "has_alt_items": "2024-06-20 07:34:32 +0000",
      "has_items": "2024-06-20 07:34:31 +0000"
    },
    "done": true
  },
  "aquaculture:recipes/decorations/spruce_fish_mount": {
    "criteria": {
      "has_items": "2024-06-20 07:34:31 +0000"
    },
    "done": true
  },
  "aquaculture:recipes/misc/tin_can_to_iron_nugget_from_blasting": {
    "criteria": {
      "has_items": "2024-06-20 07:34:31 +0000"
    },
    "done": true
  },
  "aquaculture:recipes/misc/jellyfish_to_slimeball": {
    "criteria": {
      "has_items": "2024-06-20 07:34:31 +0000"
    },
    "done": true
  },
  "aquaculture:recipes/aquaculture/bobber": {
    "criteria": {
      "has_items": "2024-06-20 07:34:31 +0000"
    },
    "done": true
  },
  "aquaculture:recipes/aquaculture/heavy_hook": {
    "criteria": {
      "has_items": "2024-06-20 07:34:32 +0000"
    },
    "done": true
  },
  "aquaculture:recipes/decorations/birch_fish_mount": {
    "criteria": {
      "has_items": "2024-06-20 07:34:32 +0000"
    },
    "done": true
  },
  "aquaculture:recipes/misc/neptunium_ingot_from_neptunium_block": {
    "criteria": {
      "has_items": "2024-06-20 07:34:32 +0000"
    },
    "done": true
  },
  "aquaculture:recipes/misc/iron_nugget_from_smelting": {
    "criteria": {
      "has_fishing_rod": "2024-06-20 07:34:32 +0000",
      "has_fillet_knife": "2024-06-20 07:34:32 +0000"
    },
    "done": true
  },
  "aquaculture:recipes/tools/golden_fishing_rod": {
    "criteria": {
      "has_vanilla_rod": "2024-06-20 07:34:32 +0000"
    },
    "done": true
  },
  "aquaculture:recipes/misc/gold_nugget_from_smelting": {
    "criteria": {
      "has_fishing_rod": "2024-06-20 07:34:32 +0000",
      "has_fillet_knife": "2024-06-20 07:34:32 +0000"
    },
    "done": true
  },
  "aquaculture:recipes/misc/bonemeal_from_fish_bones": {
    "criteria": {
      "has_items": "2024-06-20 07:34:32 +0000"
    },
    "done": true
  },
  "aquaculture:recipes/misc/brown_mushroom_from_fish": {
    "criteria": {
      "has_items": "2024-06-20 07:34:32 +0000"
    },
    "done": true
  },
  "aquaculture:recipes/misc/neptinium_ingot_from_blasting": {
    "criteria": {
      "has_leggings": "2024-06-20 07:34:32 +0000",
      "has_axe": "2024-06-20 07:34:32 +0000",
      "has_helmet": "2024-06-20 07:34:32 +0000",
      "has_fishing_rod": "2024-06-20 07:34:32 +0000",
      "has_bow": "2024-06-20 07:34:32 +0000",
      "has_chestplate": "2024-06-20 07:34:32 +0000",
      "has_sword": "2024-06-20 07:34:32 +0000",
      "has_fillet_knife": "2024-06-20 07:34:32 +0000",
      "has_shovel": "2024-06-20 07:34:32 +0000",
      "has_hoe": "2024-06-20 07:34:32 +0000",
      "has_boots": "2024-06-20 07:34:32 +0000",
      "has_pickaxe": "2024-06-20 07:34:32 +0000"
    },
    "done": true
  },
  "aquaculture:recipes/aquaculture/diamond_hook": {
    "criteria": {
      "has_items": "2024-06-20 07:34:32 +0000"
    },
    "done": true
  },
  "aquaculture:recipes/aquaculture/light_hook": {
    "criteria": {
      "has_items": "2024-06-20 07:34:32 +0000"
    },
    "done": true
  },
  "aquaculture:recipes/misc/red_mushroom_from_fish": {
    "criteria": {
      "has_items": "2024-06-20 07:34:32 +0000"
    },
    "done": true
  },
  "aquaculture:recipes/building_blocks/planks_from_driftwood": {
    "criteria": {
      "has_items": "2024-06-20 07:34:32 +0000"
    },
    "done": true
  },
  "aquaculture:recipes/aquaculture/worm_farm": {
    "criteria": {
      "has_items": "2024-06-20 07:34:32 +0000"
    },
    "done": true
  },
  "aquaculture:recipes/tools/iron_fishing_rod": {
    "criteria": {
      "has_vanilla_rod": "2024-06-20 07:34:32 +0000"
    },
    "done": true
  },
  "aquaculture:recipes/aquaculture/note_hook": {
    "criteria": {
      "has_items": "2024-06-20 07:34:32 +0000"
    },
    "done": true
  },
  "aquaculture:recipes/food/cooked_fish_fillet_from_campfire": {
    "criteria": {
      "has_items": "2024-06-20 07:34:32 +0000"
    },
    "done": true
  },
  "aquaculture:recipes/aquaculture/gold_hook": {
    "criteria": {
      "has_items": "2024-06-20 07:34:32 +0000"
    },
    "done": true
  },
  "aquaculture:recipes/decorations/oak_fish_mount": {
    "criteria": {
      "has_items": "2024-06-20 07:34:32 +0000"
    },
    "done": true
  },
  "aquaculture:recipes/aquaculture/double_hook": {
    "criteria": {
      "has_items": "2024-06-20 07:34:32 +0000"
    },
    "done": true
  },
  "aquaculture:recipes/aquaculture/fishing_line": {
    "criteria": {
      "has_items": "2024-06-20 07:34:32 +0000"
    },
    "done": true
  },
  "aquaculture:recipes/aquaculture/iron_hook": {
    "criteria": {
      "has_items": "2024-06-20 07:34:32 +0000"
    },
    "done": true
  },
  "aquaculture:recipes/aquaculture/redstone_hook": {
    "criteria": {
      "has_items": "2024-06-20 07:34:32 +0000"
    },
    "done": true
  },
  "aquaculture:recipes/misc/gold_nugget_from_blasting": {
    "criteria": {
      "has_fishing_rod": "2024-06-20 07:34:32 +0000",
      "has_fillet_knife": "2024-06-20 07:34:32 +0000"
    },
    "done": true
  },
  "aquaculture:recipes/misc/gold_nugget_from_gold_fish": {
    "criteria": {
      "has_items": "2024-06-20 07:34:32 +0000"
    },
    "done": true
  },
  "aquaculture:recipes/food/cooked_fish_fillet_from_smoking": {
    "criteria": {
      "has_items": "2024-06-20 07:34:32 +0000"
    },
    "done": true
  },
  "aquaculture:recipes/tools/diamond_fishing_rod": {
    "criteria": {
      "has_vanilla_rod": "2024-06-20 07:34:32 +0000"
    },
    "done": true
  },
  "aquaculture:recipes/food/cooked_fish_fillet": {
    "criteria": {
      "has_items": "2024-06-20 07:34:32 +0000"
    },
    "done": true
  },
  "aquaculture:recipes/misc/neptunium_ingot_from_nuggets": {
    "criteria": {
      "has_items": "2024-06-20 07:34:32 +0000"
    },
    "done": true
  },
  "aquaculture:recipes/misc/iron_nugget_from_blasting": {
    "criteria": {
      "has_fishing_rod": "2024-06-20 07:34:32 +0000",
      "has_fillet_knife": "2024-06-20 07:34:32 +0000"
    },
    "done": true
  },
  "aquaculture:recipes/misc/tin_can_to_iron_nugget": {
    "criteria": {
      "has_items": "2024-06-20 07:34:32 +0000"
    },
    "done": true
  },
  "aquaculture:recipes/decorations/jungle_fish_mount": {
    "criteria": {
      "has_items": "2024-06-20 07:34:32 +0000"
    },
    "done": true
  },
  "chococraft:recipes/food/gysahl_cake": {
    "criteria": {
      "has_gysahl_green": "2024-06-20 07:35:03 +0000"
    },
    "done": true
  },
  "chococraft:recipes/misc/red_gysahl": {
    "criteria": {
      "has_gysahl_green": "2024-06-20 07:35:03 +0000"
    },
    "done": true
  },
  "chococraft:recipes/misc/chocopedia": {
    "criteria": {
      "has_gysahl_green": "2024-06-20 07:35:03 +0000"
    },
    "done": true
  },
  "chococraft:recipes/misc/pink_gysahl": {
    "criteria": {
      "has_gysahl_green": "2024-06-20 07:35:03 +0000"
    },
    "done": true
  },
  "chococraft:recipes/food/pickled_gysahl_raw": {
    "criteria": {
      "has_gysahl_green": "2024-06-20 07:35:03 +0000"
    },
    "done": true
  },
  "chococraft:recipes/misc/gysahl_green_to_seeds": {
    "criteria": {
      "has_gysahl_green": "2024-06-20 07:35:03 +0000"
    },
    "done": true
  },
  "deeperdarker:recipes/transportation/echo_boat": {
    "criteria": {
      "in_water": "2024-06-20 07:35:30 +0000"
    },
    "done": true
  },
  "minecraft:recipes/transportation/cherry_boat": {
    "criteria": {
      "in_water": "2024-06-20 07:35:30 +0000"
    },
    "done": true
  },
  "minecraft:recipes/transportation/bamboo_raft": {
    "criteria": {
      "in_water": "2024-06-20 07:35:30 +0000"
    },
    "done": true
  },
  "minecraft:recipes/transportation/acacia_boat": {
    "criteria": {
      "in_water": "2024-06-20 07:35:30 +0000"
    },
    "done": true
  },
  "minecraft:recipes/transportation/jungle_boat": {
    "criteria": {
      "in_water": "2024-06-20 07:35:30 +0000"
    },
    "done": true
  },
  "minecraft:recipes/transportation/spruce_boat": {
    "criteria": {
      "in_water": "2024-06-20 07:35:30 +0000"
    },
    "done": true
  },
  "minecraft:recipes/transportation/birch_boat": {
    "criteria": {
      "in_water": "2024-06-20 07:35:30 +0000"
    },
    "done": true
  },
  "minecraft:recipes/transportation/oak_boat": {
    "criteria": {
      "in_water": "2024-06-20 07:35:30 +0000"
    },
    "done": true
  },
  "minecraft:recipes/transportation/mangrove_boat": {
    "criteria": {
      "in_water": "2024-06-20 07:35:30 +0000"
    },
    "done": true
  },
  "minecraft:recipes/transportation/dark_oak_boat": {
    "criteria": {
      "in_water": "2024-06-20 07:35:30 +0000"
    },
    "done": true
  },
  "minecraft:adventure/kill_all_mobs": {
    "criteria": {
      "minecraft:pillager": "2024-06-20 07:56:06 +0000",
      "minecraft:skeleton": "2024-06-20 07:44:56 +0000",
      "minecraft:vindicator": "2024-06-20 07:35:46 +0000",
      "minecraft:spider": "2024-06-20 07:44:31 +0000",
      "minecraft:creeper": "2024-06-20 08:44:31 +0000",
      "minecraft:witch": "2024-06-20 07:54:41 +0000",
      "minecraft:stray": "2024-06-20 07:48:45 +0000",
      "minecraft:zombie": "2024-06-20 07:47:28 +0000"
    },
    "done": false
  },
  "minecraft:adventure/root": {
    "criteria": {
      "killed_something": "2024-06-20 07:35:46 +0000"
    },
    "done": true
  },
  "minecraft:adventure/kill_a_mob": {
    "criteria": {
      "minecraft:vindicator": "2024-06-20 07:35:46 +0000"
    },
    "done": true
  },
  "minecraft:recipes/decorations/chest": {
    "criteria": {
      "has_lots_of_items": "2024-06-20 07:36:06 +0000"
    },
    "done": true
  },
  "minecraft:recipes/misc/iron_nugget_from_smelting": {
    "criteria": {
      "has_iron_sword": "2024-06-20 07:36:06 +0000"
    },
    "done": true
  },
  "minecraft:recipes/building_blocks/emerald_block": {
    "criteria": {
      "has_emerald": "2024-06-20 07:36:06 +0000"
    },
    "done": true
  },
  "minecraft:recipes/misc/iron_nugget_from_blasting": {
    "criteria": {
      "has_iron_sword": "2024-06-20 07:36:06 +0000"
    },
    "done": true
  },
  "doggytalents:recipes/decorations/superdog_suit": {
    "criteria": {
      "has_iron_ingot": "2024-06-20 07:36:07 +0000"
    },
    "done": true
  },
  "doggytalents:recipes/combat/sussy_sickle": {
    "criteria": {
      "has_iron_ingot": "2024-06-20 07:36:07 +0000"
    },
    "done": true
  },
  "minecraft:recipes/combat/iron_helmet": {
    "criteria": {
      "has_iron_ingot": "2024-06-20 07:36:07 +0000"
    },
    "done": true
  },
  "doggytalents:recipes/tools/whistle": {
    "criteria": {
      "has_iron_ingot": "2024-06-20 07:36:07 +0000"
    },
    "done": true
  },
  "minecraft:recipes/tools/shears": {
    "criteria": {
      "has_iron_ingot": "2024-06-20 07:36:07 +0000"
    },
    "done": true
  },
  "doggytalents:recipes/decorations/propeller_hat": {
    "criteria": {
      "has_iron_ingot": "2024-06-20 07:36:07 +0000"
    },
    "done": true
  },
  "minecraft:recipes/building_blocks/iron_block": {
    "criteria": {
      "has_iron_ingot": "2024-06-20 07:36:07 +0000"
    },
    "done": true
  },
  "domum_ornamentum:recipes/tools/architectscutter": {
    "criteria": {
      "has_iron_ingot": "2024-06-20 07:36:07 +0000"
    },
    "done": true
  },
  "minecolonies:recipes/misc/chainmailleggings": {
    "criteria": {
      "has_iron": "2024-06-20 07:36:07 +0000"
    },
    "done": true
  },
  "mcwbridges:recipes/iron_bridge_pier": {
    "criteria": {
      "has_planks": "2024-06-20 07:36:07 +0000"
    },
    "done": true
  },
  "betterarcheology:recipes/recipe_iron_brush": {
    "criteria": {
      "has_item": "2024-06-20 07:36:07 +0000"
    },
    "done": true
  },
  "minecraft:recipes/redstone/hopper": {
    "criteria": {
      "has_iron_ingot": "2024-06-20 07:36:07 +0000"
    },
    "done": true
  },
  "minecraft:recipes/combat/iron_boots": {
    "criteria": {
      "has_iron_ingot": "2024-06-20 07:36:07 +0000"
    },
    "done": true
  },
  "minecraft:recipes/decorations/lantern": {
    "criteria": {
      "has_iron_ingot": "2024-06-20 07:36:07 +0000"
    },
    "done": true
  },
  "minecraft:recipes/tools/iron_shovel": {
    "criteria": {
      "has_iron_ingot": "2024-06-20 07:36:07 +0000"
    },
    "done": true
  },
  "mcwdoors:recipes/metal": {
    "criteria": {
      "has_wood": "2024-06-20 07:36:07 +0000"
    },
    "done": true
  },
  "minecolonies:recipes/misc/chainmailhelmet": {
    "criteria": {
      "has_iron": "2024-06-20 07:36:07 +0000"
    },
    "done": true
  },
  "mcwbridges:recipes/iron_bridge": {
    "criteria": {
      "has_planks": "2024-06-20 07:36:07 +0000"
    },
    "done": true
  },
  "minecraft:recipes/redstone/iron_trapdoor": {
    "criteria": {
      "has_iron_ingot": "2024-06-20 07:36:07 +0000"
    },
    "done": true
  },
  "minecraft:recipes/combat/crossbow": {
    "criteria": {
      "has_iron_ingot": "2024-06-20 07:36:07 +0000"
    },
    "done": true
  },
  "minecraft:recipes/redstone/heavy_weighted_pressure_plate": {
    "criteria": {
      "has_iron_ingot": "2024-06-20 07:36:07 +0000"
    },
    "done": true
  },
  "minecraft:recipes/combat/iron_leggings": {
    "criteria": {
      "has_iron_ingot": "2024-06-20 07:36:07 +0000"
    },
    "done": true
  },
  "minecraft:recipes/combat/iron_chestplate": {
    "criteria": {
      "has_iron_ingot": "2024-06-20 07:36:07 +0000"
    },
    "done": true
  },
  "minecraft:recipes/misc/iron_nugget": {
    "criteria": {
      "has_iron_ingot": "2024-06-20 07:36:07 +0000"
    },
    "done": true
  },
  "minecraft:recipes/misc/bucket": {
    "criteria": {
      "has_iron_ingot": "2024-06-20 07:36:07 +0000"
    },
    "done": true
  },
  "minecraft:recipes/transportation/minecart": {
    "criteria": {
      "has_iron_ingot": "2024-06-20 07:36:07 +0000"
    },
    "done": true
  },
  "minecraft:recipes/tools/iron_hoe": {
    "criteria": {
      "has_iron_ingot": "2024-06-20 07:36:07 +0000"
    },
    "done": true
  },
  "sophisticatedstorage:recipes/misc/upgrade_base": {
    "criteria": {
      "has_iron_ingot": "2024-06-20 07:36:07 +0000"
    },
    "done": true
  },
  "mcwlights:recipes/lava_lamp": {
    "criteria": {
      "has_wood": "2024-06-20 07:36:07 +0000"
    },
    "done": true
  },
  "minecraft:story/smelt_iron": {
    "criteria": {
      "iron": "2024-06-20 07:36:07 +0000"
    },
    "done": true
  },
  "aquaculture:recipes/tools/iron_fillet_knife": {
    "criteria": {
      "has_items": "2024-06-20 07:36:07 +0000"
    },
    "done": true
  },
  "minecraft:recipes/decorations/chain": {
    "criteria": {
      "has_iron_ingot": "2024-06-20 07:36:07 +0000"
    },
    "done": true
  },
  "minecraft:recipes/decorations/smithing_table": {
    "criteria": {
      "has_iron_ingot": "2024-06-20 07:36:07 +0000"
    },
    "done": true
  },
  "minecolonies:recipes/misc/chainmailchestplate": {
    "criteria": {
      "has_iron": "2024-06-20 07:36:07 +0000"
    },
    "done": true
  },
  "minecraft:recipes/combat/iron_sword": {
    "criteria": {
      "has_iron_ingot": "2024-06-20 07:36:07 +0000"
    },
    "done": true
  },
  "minecraft:recipes/tools/iron_pickaxe": {
    "criteria": {
      "has_iron_ingot": "2024-06-20 07:36:07 +0000"
    },
    "done": true
  },
  "minecraft:recipes/combat/shield": {
    "criteria": {
      "has_iron_ingot": "2024-06-20 07:36:07 +0000"
    },
    "done": true
  },
  "minecolonies:recipes/misc/chainmailboots": {
    "criteria": {
      "has_iron": "2024-06-20 07:36:07 +0000"
    },
    "done": true
  },
  "minecraft:recipes/decorations/iron_bars": {
    "criteria": {
      "has_iron_ingot": "2024-06-20 07:36:07 +0000"
    },
    "done": true
  },
  "minecraft:recipes/tools/iron_axe": {
    "criteria": {
      "has_iron_ingot": "2024-06-20 07:36:07 +0000"
    },
    "done": true
  },
  "mcwbridges:recipes/pliers": {
    "criteria": {
      "has_planks": "2024-06-20 07:36:07 +0000"
    },
    "done": true
  },
  "doggytalents:recipes/building_blocks/dog_bath": {
    "criteria": {
      "has_iron_ingot": "2024-06-20 07:36:07 +0000"
    },
    "done": true
  },
  "doggytalents:recipes/building_blocks/food_bowl": {
    "criteria": {
      "has_iron_ingot": "2024-06-20 07:36:07 +0000"
    },
    "done": true
  },
  "minecraft:recipes/redstone/iron_door": {
    "criteria": {
      "has_iron_ingot": "2024-06-20 07:36:07 +0000"
    },
    "done": true
  },
  "mcwlights:recipes/garden_light": {
    "criteria": {
      "has_wood": "2024-06-20 07:36:07 +0000"
    },
    "done": true
  },
  "minecraft:recipes/misc/firework_rocket_simple": {
    "criteria": {
      "has_gunpowder": "2024-06-20 07:36:10 +0000"
    },
    "done": true
  },
  "minecraft:recipes/redstone/tnt": {
    "criteria": {
      "has_gunpowder": "2024-06-20 07:36:10 +0000"
    },
    "done": true
  },
  "minecraft:recipes/decorations/campfire": {
    "criteria": {
      "has_coal": "2024-06-20 07:36:13 +0000"
    },
    "done": true
  },
  "minecraft:recipes/redstone/dispenser": {
    "criteria": {
      "has_bow": "2024-06-20 07:37:51 +0000"
    },
    "done": true
  },
  "minecraft:recipes/brewing/golden_carrot": {
    "criteria": {
      "has_gold_nugget": "2024-06-20 07:38:15 +0000"
    },
    "done": true
  },
  "minecraft:recipes/misc/gold_ingot_from_nuggets": {
    "criteria": {
      "has_gold_nugget": "2024-06-20 07:38:15 +0000"
    },
    "done": true
  },
  "minecraft:recipes/decorations/ladder": {
    "criteria": {
      "has_stick": "2024-06-20 07:38:21 +0000"
    },
    "done": true
  },
  "doggytalents:recipes/decorations/sunglasses": {
    "criteria": {
      "has_stick": "2024-06-20 07:38:21 +0000"
    },
    "done": true
  },
  "minecraft:recipes/tools/wooden_axe": {
    "criteria": {
      "has_stick": "2024-06-20 07:38:21 +0000"
    },
    "done": true
  },
  "doggytalents:recipes/decorations/giant_stick": {
    "criteria": {
      "has_stick": "2024-06-20 07:38:21 +0000"
    },
    "done": true
  },
  "aquaculture:recipes/tools/wooden_fillet_knife": {
    "criteria": {
      "has_items": "2024-06-20 07:38:21 +0000"
    },
    "done": true
  },
  "minecraft:recipes/tools/wooden_hoe": {
    "criteria": {
      "has_stick": "2024-06-20 07:38:21 +0000"
    },
    "done": true
  },
  "minecraft:recipes/tools/wooden_shovel": {
    "criteria": {
      "has_stick": "2024-06-20 07:38:21 +0000"
    },
    "done": true
  },
  "minecraft:recipes/combat/wooden_sword": {
    "criteria": {
      "has_stick": "2024-06-20 07:38:21 +0000"
    },
    "done": true
  },
  "minecolonies:recipes/misc/shapetool": {
    "criteria": {
      "has_stick": "2024-06-20 07:38:21 +0000"
    },
    "done": true
  },
  "domum_ornamentum:recipes/building_blocks/blockbarreldeco_onside": {
    "criteria": {
      "has_stick": "2024-06-20 07:38:21 +0000"
    },
    "done": true
  },
  "minecraft:recipes/tools/wooden_pickaxe": {
    "criteria": {
      "has_stick": "2024-06-20 07:38:21 +0000"
    },
    "done": true
  },
  "domum_ornamentum:recipes/building_blocks/blockbarreldeco_standing": {
    "criteria": {
      "has_stick": "2024-06-20 07:38:21 +0000"
    },
    "done": true
  },
  "minecraft:recipes/tools/golden_axe": {
    "criteria": {
      "has_gold_ingot": "2024-06-20 07:38:30 +0000"
    },
    "done": true
  },
  "minecraft:recipes/tools/golden_pickaxe": {
    "criteria": {
      "has_gold_ingot": "2024-06-20 07:38:30 +0000"
    },
    "done": true
  },
  "minecraft:recipes/misc/gold_nugget": {
    "criteria": {
      "has_gold_ingot": "2024-06-20 07:38:30 +0000"
    },
    "done": true
  },
  "minecraft:recipes/tools/golden_shovel": {
    "criteria": {
      "has_gold_ingot": "2024-06-20 07:38:30 +0000"
    },
    "done": true
  },
  "minecraft:recipes/food/golden_apple": {
    "criteria": {
      "has_gold_ingot": "2024-06-20 07:38:30 +0000"
    },
    "done": true
  },
  "minecraft:recipes/combat/golden_boots": {
    "criteria": {
      "has_gold_ingot": "2024-06-20 07:38:30 +0000"
    },
    "done": true
  },
  "minecraft:recipes/combat/golden_chestplate": {
    "criteria": {
      "has_gold_ingot": "2024-06-20 07:38:30 +0000"
    },
    "done": true
  },
  "minecraft:recipes/redstone/light_weighted_pressure_plate": {
    "criteria": {
      "has_gold_ingot": "2024-06-20 07:38:30 +0000"
    },
    "done": true
  },
  "minecraft:recipes/combat/golden_sword": {
    "criteria": {
      "has_gold_ingot": "2024-06-20 07:38:30 +0000"
    },
    "done": true
  },
  "minecraft:recipes/building_blocks/gold_block": {
    "criteria": {
      "has_gold_ingot": "2024-06-20 07:38:30 +0000"
    },
    "done": true
  },
  "aquaculture:recipes/tools/gold_fillet_knife": {
    "criteria": {
      "has_items": "2024-06-20 07:38:30 +0000"
    },
    "done": true
  },
  "doggytalents:recipes/tools/shrinking_mallet": {
    "criteria": {
      "has_gold_ingot": "2024-06-20 07:38:30 +0000"
    },
    "done": true
  },
  "minecraft:recipes/combat/golden_helmet": {
    "criteria": {
      "has_gold_ingot": "2024-06-20 07:38:30 +0000"
    },
    "done": true
  },
  "doggytalents:recipes/tools/magnifying_bone": {
    "criteria": {
      "has_gold_ingot": "2024-06-20 07:38:30 +0000"
    },
    "done": true
  },
  "doggytalents:recipes/tools/canine_tracker": {
    "criteria": {
      "has_gold_ingot": "2024-06-20 07:38:30 +0000"
    },
    "done": true
  },
  "minecraft:recipes/tools/golden_hoe": {
    "criteria": {
      "has_gold_ingot": "2024-06-20 07:38:30 +0000"
    },
    "done": true
  },
  "minecraft:recipes/combat/golden_leggings": {
    "criteria": {
      "has_gold_ingot": "2024-06-20 07:38:30 +0000"
    },
    "done": true
  },
  "minecraft:story/obtain_armor": {
    "criteria": {
      "iron_chestplate": "2024-06-20 07:38:33 +0000"
    },
    "done": true
  },
  "blue_skies:recipes/building_blocks/frostbright_bookshelf": {
    "criteria": {
      "has_item": "2024-06-20 07:38:46 +0000"
    },
    "done": true
  },
  "minecraft:recipes/redstone/lectern": {
    "criteria": {
      "has_book": "2024-06-20 07:38:46 +0000"
    },
    "done": true
  },
  "blue_skies:recipes/building_blocks/maple_bookshelf": {
    "criteria": {
      "has_item": "2024-06-20 07:38:46 +0000"
    },
    "done": true
  },
  "minecraft:recipes/misc/writable_book": {
    "criteria": {
      "has_book": "2024-06-20 07:38:46 +0000"
    },
    "done": true
  },
  "minecraft:recipes/building_blocks/bookshelf": {
    "criteria": {
      "has_book": "2024-06-20 07:38:46 +0000"
    },
    "done": true
  },
  "blue_skies:recipes/building_blocks/starlit_bookshelf": {
    "criteria": {
      "has_item": "2024-06-20 07:38:46 +0000"
    },
    "done": true
  },
  "blue_skies:recipes/building_blocks/dusk_bookshelf": {
    "criteria": {
      "has_item": "2024-06-20 07:38:46 +0000"
    },
    "done": true
  },
  "blue_skies:recipes/building_blocks/comet_bookshelf": {
    "criteria": {
      "has_item": "2024-06-20 07:38:46 +0000"
    },
    "done": true
  },
  "minecraft:recipes/building_blocks/chiseled_bookshelf": {
    "criteria": {
      "has_book": "2024-06-20 07:38:46 +0000"
    },
    "done": true
  },
  "blue_skies:recipes/building_blocks/bluebright_bookshelf": {
    "criteria": {
      "has_item": "2024-06-20 07:38:46 +0000"
    },
    "done": true
  },
  "blue_skies:recipes/building_blocks/lunar_bookshelf": {
    "criteria": {
      "has_item": "2024-06-20 07:38:46 +0000"
    },
    "done": true
  },
  "minecraft:recipes/decorations/fletching_table": {
    "criteria": {
      "has_flint": "2024-06-20 07:38:47 +0000"
    },
    "done": true
  },
  "minecraft:recipes/combat/arrow": {
    "criteria": {
      "has_flint": "2024-06-20 07:38:47 +0000"
    },
    "done": true
  },
  "minecraft:recipes/tools/flint_and_steel": {
    "criteria": {
      "has_flint": "2024-06-20 07:38:47 +0000"
    },
    "done": true
  },
  "minecraft:recipes/misc/charcoal": {
    "criteria": {
      "has_log": "2024-06-20 07:38:51 +0000"
    },
    "done": true
  },
  "mcwbridges:recipes/dark_oak_bridge_pier": {
    "criteria": {
      "has_planks": "2024-06-20 07:38:51 +0000"
    },
    "done": true
  },
  "mcwdoors:recipes/dark_oak": {
    "criteria": {
      "has_wood": "2024-06-20 07:38:51 +0000"
    },
    "done": true
  },
  "minecraft:recipes/building_blocks/dark_oak_planks": {
    "criteria": {
      "has_log": "2024-06-20 07:38:51 +0000"
    },
    "done": true
  },
  "minecraft:recipes/building_blocks/dark_oak_wood": {
    "criteria": {
      "has_log": "2024-06-20 07:38:51 +0000"
    },
    "done": true
  },
  "doggytalents:recipes/decorations/pianist_suit": {
    "criteria": {
      "has_string": "2024-06-20 07:39:30 +0000"
    },
    "done": true
  },
  "doggytalents:recipes/decorations/bowtie": {
    "criteria": {
      "has_string": "2024-06-20 07:39:30 +0000"
    },
    "done": true
  },
  "domum_ornamentum:recipes/decorations/gray_floating_carpet": {
    "criteria": {
      "has_string": "2024-06-20 07:39:30 +0000"
    },
    "done": true
  },
  "domum_ornamentum:recipes/decorations/green_floating_carpet": {
    "criteria": {
      "has_string": "2024-06-20 07:39:30 +0000"
    },
    "done": true
  },
  "minecraft:recipes/redstone/tripwire_hook": {
    "criteria": {
      "has_string": "2024-06-20 07:39:30 +0000"
    },
    "done": true
  },
  "domum_ornamentum:recipes/decorations/orange_floating_carpet": {
    "criteria": {
      "has_string": "2024-06-20 07:39:30 +0000"
    },
    "done": true
  },
  "doggytalents:recipes/decorations/wig": {
    "criteria": {
      "has_string": "2024-06-20 07:39:30 +0000"
    },
    "done": true
  },
  "minecraft:recipes/decorations/candle": {
    "criteria": {
      "has_string": "2024-06-20 07:39:30 +0000"
    },
    "done": true
  },
  "domum_ornamentum:recipes/decorations/cyan_floating_carpet": {
    "criteria": {
      "has_string": "2024-06-20 07:39:30 +0000"
    },
    "done": true
  },
  "doggytalents:recipes/decorations/locator_orb_shin": {
    "criteria": {
      "has_string": "2024-06-20 07:39:30 +0000"
    },
    "done": true
  },
  "doggytalents:recipes/decorations/bach_wig": {
    "criteria": {
      "has_string": "2024-06-20 07:39:30 +0000"
    },
    "done": true
  },
  "doggytalents:recipes/decorations/wool_collar": {
    "criteria": {
      "has_string": "2024-06-20 07:39:30 +0000"
    },
    "done": true
  },
  "doggytalents:recipes/misc/gender_bone": {
    "criteria": {
      "has_string": "2024-06-20 07:39:30 +0000"
    },
    "done": true
  },
  "domum_ornamentum:recipes/decorations/yellow_floating_carpet": {
    "criteria": {
      "has_string": "2024-06-20 07:39:30 +0000"
    },
    "done": true
  },
  "domum_ornamentum:recipes/decorations/red_floating_carpet": {
    "criteria": {
      "has_string": "2024-06-20 07:39:30 +0000"
    },
    "done": true
  },
  "domum_ornamentum:recipes/decorations/brown_floating_carpet": {
    "criteria": {
      "has_string": "2024-06-20 07:39:30 +0000"
    },
    "done": true
  },
  "domum_ornamentum:recipes/decorations/black_floating_carpet": {
    "criteria": {
      "has_string": "2024-06-20 07:39:30 +0000"
    },
    "done": true
  },
  "domum_ornamentum:recipes/decorations/light_gray_floating_carpet": {
    "criteria": {
      "has_string": "2024-06-20 07:39:30 +0000"
    },
    "done": true
  },
  "doggytalents:recipes/decorations/locator_orb_dyable": {
    "criteria": {
      "has_string": "2024-06-20 07:39:30 +0000"
    },
    "done": true
  },
  "domum_ornamentum:recipes/decorations/lime_floating_carpet": {
    "criteria": {
      "has_string": "2024-06-20 07:39:30 +0000"
    },
    "done": true
  },
  "domum_ornamentum:recipes/decorations/white_floating_carpet": {
    "criteria": {
      "has_string": "2024-06-20 07:39:30 +0000"
    },
    "done": true
  },
  "minecraft:recipes/combat/bow": {
    "criteria": {
      "has_string": "2024-06-20 07:39:30 +0000"
    },
    "done": true
  },
  "doggytalents:recipes/decorations/guard_suit": {
    "criteria": {
      "has_string": "2024-06-20 07:39:30 +0000"
    },
    "done": true
  },
  "minecraft:recipes/tools/fishing_rod": {
    "criteria": {
      "has_string": "2024-06-20 07:39:30 +0000"
    },
    "done": true
  },
  "doggytalents:recipes/decorations/locator_orb_rei": {
    "criteria": {
      "has_string": "2024-06-20 07:39:30 +0000"
    },
    "done": true
  },
  "doggytalents:recipes/decorations/wool_collar_thicc": {
    "criteria": {
      "has_string": "2024-06-20 07:39:30 +0000"
    },
    "done": true
  },
  "doggytalents:recipes/tools/empty_locator_orb": {
    "criteria": {
      "has_string": "2024-06-20 07:39:30 +0000"
    },
    "done": true
  },
  "domum_ornamentum:recipes/decorations/pink_floating_carpet": {
    "criteria": {
      "has_string": "2024-06-20 07:39:30 +0000"
    },
    "done": true
  },
  "domum_ornamentum:recipes/decorations/light_blue_floating_carpet": {
    "criteria": {
      "has_string": "2024-06-20 07:39:30 +0000"
    },
    "done": true
  },
  "doggytalents:recipes/decorations/tengu_mask": {
    "criteria": {
      "has_string": "2024-06-20 07:39:30 +0000"
    },
    "done": true
  },
  "doggytalents:recipes/decorations/locator_orb_jin": {
    "criteria": {
      "has_string": "2024-06-20 07:39:30 +0000"
    },
    "done": true
  },
  "doggytalents:recipes/decorations/kitsune_mask": {
    "criteria": {
      "has_string": "2024-06-20 07:39:30 +0000"
    },
    "done": true
  },
  "minecraft:recipes/building_blocks/white_wool_from_string": {
    "criteria": {
      "has_string": "2024-06-20 07:39:30 +0000"
    },
    "done": true
  },
  "doggytalents:recipes/decorations/locator_orb_chu": {
    "criteria": {
      "has_string": "2024-06-20 07:39:30 +0000"
    },
    "done": true
  },
  "doggytalents:recipes/decorations/locator_orb_chi": {
    "criteria": {
      "has_string": "2024-06-20 07:39:30 +0000"
    },
    "done": true
  },
  "domum_ornamentum:recipes/decorations/blue_floating_carpet": {
    "criteria": {
      "has_string": "2024-06-20 07:39:30 +0000"
    },
    "done": true
  },
  "doggytalents:recipes/decorations/locator_orb_tei": {
    "criteria": {
      "has_string": "2024-06-20 07:39:30 +0000"
    },
    "done": true
  },
  "doggytalents:recipes/decorations/locator_orb_ko": {
    "criteria": {
      "has_string": "2024-06-20 07:39:30 +0000"
    },
    "done": true
  },
  "minecraft:recipes/decorations/loom": {
    "criteria": {
      "has_string": "2024-06-20 07:39:30 +0000"
    },
    "done": true
  },
  "doggytalents:recipes/decorations/locator_orb_gi": {
    "criteria": {
      "has_string": "2024-06-20 07:39:30 +0000"
    },
    "done": true
  },
  "domum_ornamentum:recipes/decorations/magenta_floating_carpet": {
    "criteria": {
      "has_string": "2024-06-20 07:39:30 +0000"
    },
    "done": true
  },
  "domum_ornamentum:recipes/decorations/purple_floating_carpet": {
    "criteria": {
      "has_string": "2024-06-20 07:39:30 +0000"
    },
    "done": true
  },
  "minecraft:recipes/misc/map": {
    "criteria": {
      "has_compass": "2024-06-20 07:40:18 +0000"
    },
    "done": true
  },
  "explorerscompass:explorers_compass": {
    "criteria": {
      "has_compass": "2024-06-20 07:40:18 +0000"
    },
    "done": true
  },
  "explorerscompass:explorers_compass_cobweb": {
    "criteria": {
      "has_recipe": "2024-06-20 07:40:18 +0000"
    },
    "done": true
  },
  "explorerscompass:explorers_compass_cracked_stone_bricks": {
    "criteria": {
      "has_recipe": "2024-06-20 07:40:18 +0000"
    },
    "done": true
  },
  "minecraft:husbandry/root": {
    "criteria": {
      "consumed_item": "2024-06-20 07:42:34 +0000"
    },
    "done": true
  },
  "minecraft:husbandry/balanced_diet": {
    "criteria": {
      "cooked_porkchop": "2024-06-20 08:47:00 +0000",
      "bread": "2024-06-20 08:08:31 +0000",
      "melon_slice": "2024-06-20 07:45:04 +0000",
      "carrot": "2024-06-20 07:58:26 +0000"
    },
    "done": false
  },
  "minecraft:recipes/building_blocks/melon": {
    "criteria": {
      "has_melon": "2024-06-20 07:45:10 +0000"
    },
    "done": true
  },
  "minecraft:recipes/misc/melon_seeds": {
    "criteria": {
      "has_melon": "2024-06-20 07:45:10 +0000"
    },
    "done": true
  },
  "minecraft:recipes/brewing/glistering_melon_slice": {
    "criteria": {
      "has_melon": "2024-06-20 07:45:10 +0000"
    },
    "done": true
  },
  "doggytalents:recipes/tools/throw_bone": {
    "criteria": {
      "has_bone": "2024-06-20 07:49:11 +0000"
    },
    "done": true
  },
  "minecraft:recipes/misc/bone_meal": {
    "criteria": {
      "has_bone": "2024-06-20 07:49:11 +0000"
    },
    "done": true
  },
  "doggytalents:recipes/tools/conducting_bone": {
    "criteria": {
      "has_bone": "2024-06-20 07:49:11 +0000"
    },
    "done": true
  },
  "comforts:sleeping_bag_white": {
    "criteria": {
      "has_white_wool": "2024-06-20 07:49:32 +0000"
    },
    "done": true
  },
  "doggytalents:recipes/decorations/conan_suit": {
    "criteria": {
      "has_wool": "2024-06-20 07:49:32 +0000"
    },
    "done": true
  },
  "minecraft:recipes/decorations/white_bed": {
    "criteria": {
      "has_white_wool": "2024-06-20 07:49:32 +0000"
    },
    "done": true
  },
  "doggytalents:recipes/decorations/dog_plushie_toy_item": {
    "criteria": {
      "has_white_wool": "2024-06-20 07:49:32 +0000"
    },
    "done": true
  },
  "minecraft:recipes/decorations/painting": {
    "criteria": {
      "has_wool": "2024-06-20 07:49:32 +0000"
    },
    "done": true
  },
  "doggytalents:recipes/decorations/lab_coat": {
    "criteria": {
      "has_wool": "2024-06-20 07:49:32 +0000"
    },
    "done": true
  },
  "minecolonies:recipes/misc/blockconstructiontape": {
    "criteria": {
      "has_wool": "2024-06-20 07:49:32 +0000"
    },
    "done": true
  },
  "minecraft:recipes/decorations/white_carpet": {
    "criteria": {
      "has_white_wool": "2024-06-20 07:49:32 +0000"
    },
    "done": true
  },
  "doggytalents:recipes/decorations/beastars_uniform_male": {
    "criteria": {
      "has_wool": "2024-06-20 07:49:32 +0000"
    },
    "done": true
  },
  "minecraft:recipes/decorations/white_banner": {
    "criteria": {
      "has_white_wool": "2024-06-20 07:49:32 +0000"
    },
    "done": true
  },
  "comforts:hammock_white": {
    "criteria": {
      "has_white_wool": "2024-06-20 07:49:32 +0000"
    },
    "done": true
  },
  "doggytalents:recipes/building_blocks/dog_bed_def": {
    "criteria": {
      "has_wool": "2024-06-20 07:49:32 +0000"
    },
    "done": true
  },
  "doggytalents:recipes/decorations/beastars_uniform_female": {
    "criteria": {
      "has_wool": "2024-06-20 07:49:32 +0000"
    },
    "done": true
  },
  "minecraft:recipes/brewing/fermented_spider_eye": {
    "criteria": {
      "has_spider_eye": "2024-06-20 07:50:12 +0000"
    },
    "done": true
  },
  "minecraft:husbandry/tame_an_animal": {
    "criteria": {
      "tamed_animal": "2024-06-20 07:50:26 +0000"
    },
    "done": true
  },
  "sophisticatedbackpacks:recipes/misc/gold_backpack": {
    "criteria": {
      "has_iron_backpack": "2024-06-20 07:53:55 +0000"
    },
    "done": true
  },
  "minecraft:recipes/transportation/carrot_on_a_stick": {
    "criteria": {
      "has_carrot": "2024-06-20 07:56:15 +0000"
    },
    "done": true
  },
  "minecraft:recipes/food/baked_potato_from_campfire_cooking": {
    "criteria": {
      "has_potato": "2024-06-20 07:57:38 +0000"
    },
    "done": true
  },
  "minecraft:recipes/food/baked_potato": {
    "criteria": {
      "has_potato": "2024-06-20 07:57:38 +0000"
    },
    "done": true
  },
  "minecraft:recipes/food/baked_potato_from_smoking": {
    "criteria": {
      "has_potato": "2024-06-20 07:57:38 +0000"
    },
    "done": true
  },
  "minecraft:recipes/redstone/target": {
    "criteria": {
      "has_hay_block": "2024-06-20 07:58:39 +0000"
    },
    "done": true
  },
  "minecraft:recipes/misc/wheat": {
    "criteria": {
      "has_hay_block": "2024-06-20 07:58:39 +0000"
    },
    "done": true
  },
  "mcwbridges:recipes/spruce_bridge_pier": {
    "criteria": {
      "has_planks": "2024-06-20 08:03:04 +0000"
    },
    "done": true
  },
  "minecraft:recipes/building_blocks/spruce_wood": {
    "criteria": {
      "has_log": "2024-06-20 08:03:04 +0000"
    },
    "done": true
  },
  "minecraft:recipes/building_blocks/spruce_planks": {
    "criteria": {
      "has_logs": "2024-06-20 08:03:04 +0000"
    },
    "done": true
  },
  "mcwdoors:recipes/spruce": {
    "criteria": {
      "has_wood": "2024-06-20 08:03:04 +0000"
    },
    "done": true
  },
  "mcwbridges:recipes/spruce_rail_bridge": {
    "criteria": {
      "has_planks": "2024-06-20 08:03:51 +0000"
    },
    "done": true
  },
  "mcwbridges:recipes/rope_spruce_bridge": {
    "criteria": {
      "has_planks": "2024-06-20 08:03:51 +0000"
    },
    "done": true
  },
  "minecraft:recipes/misc/stick": {
    "criteria": {
      "has_planks": "2024-06-20 08:03:51 +0000"
    },
    "done": true
  },
  "minecraft:recipes/decorations/spruce_fence": {
    "criteria": {
      "has_planks": "2024-06-20 08:03:51 +0000"
    },
    "done": true
  },
  "sophisticatedstorage:recipes/misc/spruce_limited_barrel_2": {
    "criteria": {
      "has_spruce_plank": "2024-06-20 08:03:51 +0000"
    },
    "done": true
  },
  "sophisticatedstorage:recipes/misc/spruce_limited_barrel_1": {
    "criteria": {
      "has_spruce_plank": "2024-06-20 08:03:51 +0000"
    },
    "done": true
  },
  "sophisticatedstorage:recipes/misc/spruce_limited_barrel_4": {
    "criteria": {
      "has_spruce_plank": "2024-06-20 08:03:51 +0000"
    },
    "done": true
  },
  "sophisticatedstorage:recipes/misc/spruce_limited_barrel_3": {
    "criteria": {
      "has_spruce_plank": "2024-06-20 08:03:51 +0000"
    },
    "done": true
  },
  "minecraft:recipes/redstone/spruce_button": {
    "criteria": {
      "has_planks": "2024-06-20 08:03:51 +0000"
    },
    "done": true
  },
  "minecraft:recipes/redstone/spruce_pressure_plate": {
    "criteria": {
      "has_planks": "2024-06-20 08:03:51 +0000"
    },
    "done": true
  },
  "minecraft:recipes/decorations/barrel": {
    "criteria": {
      "has_planks": "2024-06-20 08:03:51 +0000"
    },
    "done": true
  },
  "sophisticatedstorage:recipes/misc/spruce_chest": {
    "criteria": {
      "has_spruce_plank": "2024-06-20 08:03:51 +0000"
    },
    "done": true
  },
  "minecraft:recipes/decorations/spruce_sign": {
    "criteria": {
      "has_planks": "2024-06-20 08:03:51 +0000"
    },
    "done": true
  },
  "minecraft:recipes/building_blocks/spruce_slab": {
    "criteria": {
      "has_planks": "2024-06-20 08:03:51 +0000"
    },
    "done": true
  },
  "mcwbridges:recipes/spruce_log_bridge_middle": {
    "criteria": {
      "has_planks": "2024-06-20 08:03:51 +0000"
    },
    "done": true
  },
  "minecraft:recipes/redstone/spruce_trapdoor": {
    "criteria": {
      "has_planks": "2024-06-20 08:03:51 +0000"
    },
    "done": true
  },
  "minecraft:recipes/redstone/spruce_door": {
    "criteria": {
      "has_planks": "2024-06-20 08:03:51 +0000"
    },
    "done": true
  },
  "minecraft:recipes/redstone/spruce_fence_gate": {
    "criteria": {
      "has_planks": "2024-06-20 08:03:51 +0000"
    },
    "done": true
  },
  "sophisticatedstorage:recipes/misc/spruce_barrel": {
    "criteria": {
      "has_spruce_plank": "2024-06-20 08:03:51 +0000"
    },
    "done": true
  },
  "minecraft:recipes/building_blocks/spruce_stairs": {
    "criteria": {
      "has_planks": "2024-06-20 08:03:51 +0000"
    },
    "done": true
  },
  "doggytalents:recipes/decorations/baker_hat": {
    "criteria": {
      "has_bread": "2024-06-20 08:04:39 +0000"
    },
    "done": true
  },
  "doggytalents:recipes/decorations/hot_dog": {
    "criteria": {
      "has_bread": "2024-06-20 08:04:39 +0000"
    },
    "done": true
  },
  "alexsmobs:alexsmobs/froststalker_kill": {
    "criteria": {
      "ex": "2024-06-20 08:11:10 +0000"
    },
    "done": true
  },
  "domum_ornamentum:recipes/tools/cactus_extra": {
    "criteria": {
      "has_material": "2024-06-20 08:12:19 +0000"
    },
    "done": true
  },
  "domum_ornamentum:recipes/tools/green_cactus_extra": {
    "criteria": {
      "has_material": "2024-06-20 08:12:19 +0000"
    },
    "done": true
  },
  "minecraft:recipes/misc/green_dye": {
    "criteria": {
      "has_cactus": "2024-06-20 08:12:19 +0000"
    },
    "done": true
  },
  "minecraft:adventure/voluntary_exile": {
    "criteria": {
      "voluntary_exile": "2024-06-20 08:12:49 +0000"
    },
    "done": true
  },
  "minecraft:adventure/sleep_in_bed": {
    "criteria": {
      "slept_in_bed": "2024-06-20 08:14:24 +0000"
    },
    "done": true
  },
  "minecraft:recipes/food/cooked_porkchop": {
    "criteria": {
      "has_porkchop": "2024-06-20 08:23:47 +0000"
    },
    "done": true
  },
  "minecraft:recipes/food/cooked_porkchop_from_smoking": {
    "criteria": {
      "has_porkchop": "2024-06-20 08:23:47 +0000"
    },
    "done": true
  },
  "minecraft:recipes/food/cooked_porkchop_from_campfire_cooking": {
    "criteria": {
      "has_porkchop": "2024-06-20 08:23:47 +0000"
    },
    "done": true
  },
  "minecraft:recipes/food/bread": {
    "criteria": {
      "has_the_recipe": "2024-06-20 08:24:18 +0000"
    },
    "done": true
  },
  "minecraft:recipes/food/cooked_beef_from_smoking": {
    "criteria": {
      "has_beef": "2024-06-20 08:24:18 +0000"
    },
    "done": true
  },
  "minecraft:recipes/food/cooked_beef": {
    "criteria": {
      "has_beef": "2024-06-20 08:24:18 +0000"
    },
    "done": true
  },
  "minecraft:recipes/food/cooked_beef_from_campfire_cooking": {
    "criteria": {
      "has_beef": "2024-06-20 08:24:18 +0000"
    },
    "done": true
  },
  "doggytalents:recipes/tools/feathered_mantle": {
    "criteria": {
      "has_feather": "2024-06-20 08:26:52 +0000"
    },
    "done": true
  },
  "alexsmobs:alexsmobs/grizzly_bear": {
    "criteria": {
      "killed_by": "2024-06-20 08:27:56 +0000"
    },
    "done": true
  },
  "chococraft:recipes/food/chocobo_drumstick_cooked_from_smoking": {
    "criteria": {
      "has_raw_drumstick": "2024-06-20 08:30:23 +0000"
    },
    "done": true
  },
  "chococraft:recipes/food/chocobo_drumstick_cooked_from_campfire_cooking": {
    "criteria": {
      "has_raw_drumstick": "2024-06-20 08:30:23 +0000"
    },
    "done": true
  },
  "chococraft:recipes/food/chocobo_drumstick_cooked": {
    "criteria": {
      "has_raw_drumstick": "2024-06-20 08:30:23 +0000"
    },
    "done": true
  },
  "doggytalents:recipes/food/super_treat": {
    "criteria": {
      "has_golden_apple": "2024-06-20 08:30:26 +0000"
    },
    "done": true
  },
  "sophisticatedbackpacks:recipes/misc/iron_backpack_from_copper": {
    "criteria": {
      "has_copper_backpack": "2024-06-20 08:30:30 +0000"
    },
    "done": true
  },
  "minecraft:story/mine_stone": {
    "criteria": {
      "get_stone": "2024-06-20 08:30:51 +0000"
    },
    "done": true
  },
  "minecraft:recipes/decorations/furnace": {
    "criteria": {
      "has_cobblestone": "2024-06-20 08:30:51 +0000"
    },
    "done": true
  },
  "minecraft:recipes/building_blocks/cobblestone_slab_from_cobblestone_stonecutting": {
    "criteria": {
      "has_cobblestone": "2024-06-20 08:30:51 +0000"
    },
    "done": true
  },
  "minecraft:recipes/building_blocks/stone": {
    "criteria": {
      "has_cobblestone": "2024-06-20 08:30:51 +0000"
    },
    "done": true
  },
  "minecraft:recipes/tools/stone_pickaxe": {
    "criteria": {
      "has_cobblestone": "2024-06-20 08:30:51 +0000"
    },
    "done": true
  },
  "domum_ornamentum:recipes/tools/cobblestone_extra": {
    "criteria": {
      "has_material": "2024-06-20 08:30:51 +0000"
    },
    "done": true
  },
  "minecraft:recipes/building_blocks/cobblestone_slab": {
    "criteria": {
      "has_cobblestone": "2024-06-20 08:30:51 +0000"
    },
    "done": true
  },
  "minecraft:recipes/decorations/cobblestone_wall_from_cobblestone_stonecutting": {
    "criteria": {
      "has_cobblestone": "2024-06-20 08:30:51 +0000"
    },
    "done": true
  },
  "minecraft:recipes/building_blocks/cobblestone_stairs": {
    "criteria": {
      "has_cobblestone": "2024-06-20 08:30:51 +0000"
    },
    "done": true
  },
  "minecraft:recipes/tools/stone_shovel": {
    "criteria": {
      "has_cobblestone": "2024-06-20 08:30:51 +0000"
    },
    "done": true
  },
  "minecraft:recipes/redstone/lever": {
    "criteria": {
      "has_cobblestone": "2024-06-20 08:30:51 +0000"
    },
    "done": true
  },
  "domum_ornamentum:recipes/tools/blue_cobblestone_extra": {
    "criteria": {
      "has_material": "2024-06-20 08:30:51 +0000"
    },
    "done": true
  },
  "minecraft:recipes/combat/stone_sword": {
    "criteria": {
      "has_cobblestone": "2024-06-20 08:30:51 +0000"
    },
    "done": true
  },
  "minecraft:recipes/decorations/cobblestone_wall": {
    "criteria": {
      "has_cobblestone": "2024-06-20 08:30:51 +0000"
    },
    "done": true
  },
  "minecraft:recipes/tools/stone_axe": {
    "criteria": {
      "has_cobblestone": "2024-06-20 08:30:51 +0000"
    },
    "done": true
  },
  "mcwbridges:recipes/cobblestone_bridge": {
    "criteria": {
      "has_planks": "2024-06-20 08:30:51 +0000"
    },
    "done": true
  },
  "domum_ornamentum:recipes/tools/green_cobblestone_extra": {
    "criteria": {
      "has_material": "2024-06-20 08:30:51 +0000"
    },
    "done": true
  },
  "mcwbridges:recipes/cobblestone_bridge_pier": {
    "criteria": {
      "has_planks": "2024-06-20 08:30:51 +0000"
    },
    "done": true
  },
  "mcwbridges:recipes/cobblestone_bridge_stair": {
    "criteria": {
      "has_planks": "2024-06-20 08:30:51 +0000"
    },
    "done": true
  },
  "mcwbridges:recipes/balustrade_cobblestone_bridge": {
    "criteria": {
      "has_planks": "2024-06-20 08:30:51 +0000"
    },
    "done": true
  },
  "minecraft:recipes/building_blocks/cobblestone_stairs_from_cobblestone_stonecutting": {
    "criteria": {
      "has_cobblestone": "2024-06-20 08:30:51 +0000"
    },
    "done": true
  },
  "aquaculture:recipes/tools/stone_fillet_knife": {
    "criteria": {
      "has_items": "2024-06-20 08:30:51 +0000"
    },
    "done": true
  },
  "minecraft:recipes/tools/stone_hoe": {
    "criteria": {
      "has_cobblestone": "2024-06-20 08:30:51 +0000"
    },
    "done": true
  },
  "domum_ornamentum:recipes/tools/purple_cobblestone_extra": {
    "criteria": {
      "has_material": "2024-06-20 08:30:51 +0000"
    },
    "done": true
  },
  "minecraft:recipes/combat/leather_helmet": {
    "criteria": {
      "has_leather": "2024-06-20 08:31:20 +0000"
    },
    "done": true
  },
  "doggytalents:recipes/decorations/plague_doctor_mask": {
    "criteria": {
      "has_leather": "2024-06-20 08:31:20 +0000"
    },
    "done": true
  },
  "minecraft:recipes/combat/leather_chestplate": {
    "criteria": {
      "has_leather": "2024-06-20 08:31:20 +0000"
    },
    "done": true
  },
  "minecraft:recipes/misc/leather_horse_armor": {
    "criteria": {
      "has_leather": "2024-06-20 08:31:20 +0000"
    },
    "done": true
  },
  "doggytalents:recipes/decorations/tantan_cape": {
    "criteria": {
      "has_leather": "2024-06-20 08:31:20 +0000"
    },
    "done": true
  },
  "sophisticatedbackpacks:recipes/misc/backpack": {
    "criteria": {
      "has_leather": "2024-06-20 08:31:20 +0000"
    },
    "done": true
  },
  "minecraft:recipes/decorations/item_frame": {
    "criteria": {
      "has_leather": "2024-06-20 08:31:20 +0000"
    },
    "done": true
  },
  "minecraft:recipes/combat/leather_boots": {
    "criteria": {
      "has_leather": "2024-06-20 08:31:20 +0000"
    },
    "done": true
  },
  "doggytalents:recipes/decorations/cape_coloured": {
    "criteria": {
      "has_leather": "2024-06-20 08:31:20 +0000"
    },
    "done": true
  },
  "minecraft:recipes/combat/leather_leggings": {
    "criteria": {
      "has_leather": "2024-06-20 08:31:20 +0000"
    },
    "done": true
  },
  "doggytalents:recipes/decorations/leather_jacket": {
    "criteria": {
      "has_leather": "2024-06-20 08:31:20 +0000"
    },
    "done": true
  },
  "doggytalents:recipes/tools/treat_bag": {
    "criteria": {
      "has_leather": "2024-06-20 08:31:20 +0000"
    },
    "done": true
  },
  "sophisticatedbackpacks:recipes/misc/upgrade_base": {
    "criteria": {
      "has_leather": "2024-06-20 08:31:20 +0000"
    },
    "done": true
  },
  "alexsmobs:alexsmobs/crocodile": {
    "criteria": {
      "killed_by": "2024-06-20 08:34:16 +0000"
    },
    "done": true
  },
  "minecraft:recipes/misc/gold_nugget_from_blasting": {
    "criteria": {
      "has_golden_axe": "2024-06-20 08:34:27 +0000"
    },
    "done": true
  },
  "minecraft:recipes/misc/gold_nugget_from_smelting": {
    "criteria": {
      "has_golden_axe": "2024-06-20 08:34:27 +0000"
    },
    "done": true
  },
  "minecraft:recipes/brewing/cauldron": {
    "criteria": {
      "has_water_bucket": "2024-06-20 08:35:06 +0000"
    },
    "done": true
  },
  "betterdungeons:small_dungeon": {
    "criteria": {
      "in_better_monster_room": "2024-06-20 08:36:08 +0000"
    },
    "done": true
  },
  "betterdungeons:all_dungeons": {
    "criteria": {
      "in_better_monster_room": "2024-06-20 08:36:08 +0000"
    },
    "done": false
  },
  "minecraft:recipes/misc/gold_ingot_from_blasting_raw_gold": {
    "criteria": {
      "has_raw_gold": "2024-06-20 08:37:41 +0000"
    },
    "done": true
  },
  "minecraft:recipes/misc/gold_ingot_from_smelting_raw_gold": {
    "criteria": {
      "has_raw_gold": "2024-06-20 08:37:41 +0000"
    },
    "done": true
  },
  "minecraft:recipes/building_blocks/raw_gold_block": {
    "criteria": {
      "has_raw_gold": "2024-06-20 08:37:41 +0000"
    },
    "done": true
  },
  "doggytalents:recipes/food/uncooked_rice_bowl": {
    "criteria": {
      "has_dtn_rice_grains": "2024-06-20 08:40:01 +0000"
    },
    "done": true
  },
  "doggytalents:recipes/food/training_treat": {
    "criteria": {
      "has_dtn_rice_grains": "2024-06-20 08:40:01 +0000"
    },
    "done": true
  },
  "minecraft:recipes/building_blocks/clay": {
    "criteria": {
      "has_clay_ball": "2024-06-20 08:40:18 +0000"
    },
    "done": true
  },
  "minecraft:recipes/misc/brick": {
    "criteria": {
      "has_clay_ball": "2024-06-20 08:40:18 +0000"
    },
    "done": true
  },
  "minecraft:story/iron_tools": {
    "criteria": {
      "iron_pickaxe": "2024-06-20 08:41:45 +0000"
    },
    "done": true
  },
  "alexsmobs:alexsmobs/murmur": {
    "criteria": {
      "killed_by": "2024-06-20 08:42:55 +0000"
    },
    "done": true
  },
  "doggytalents:recipes/food/breeding_bone": {
    "criteria": {
      "has_cooked_porkchop": "2024-06-20 08:49:32 +0000"
    },
    "done": true
  },
  "doggytalents:recipes/food/sausage": {
    "criteria": {
      "has_cooked_porkchop": "2024-06-20 08:49:32 +0000"
    },
    "done": true
  },
  "minecraft:recipes/building_blocks/polished_deepslate": {
    "criteria": {
      "has_cobbled_deepslate": "2024-06-21 03:48:17 +0000"
    },
    "done": true
  },
  "minecraft:recipes/building_blocks/deepslate_tile_stairs_from_cobbled_deepslate_stonecutting": {
    "criteria": {
      "has_cobbled_deepslate": "2024-06-21 03:48:17 +0000"
    },
    "done": true
  },
  "minecraft:recipes/building_blocks/cobbled_deepslate_slab": {
    "criteria": {
      "has_cobbled_deepslate": "2024-06-21 03:48:17 +0000"
    },
    "done": true
  },
  "minecraft:recipes/building_blocks/polished_deepslate_stairs_from_cobbled_deepslate_stonecutting": {
    "criteria": {
      "has_cobbled_deepslate": "2024-06-21 03:48:17 +0000"
    },
    "done": true
  },
  "minecraft:recipes/decorations/deepslate_brick_wall_from_cobbled_deepslate_stonecutting": {
    "criteria": {
      "has_cobbled_deepslate": "2024-06-21 03:48:17 +0000"
    },
    "done": true
  },
  "minecraft:recipes/building_blocks/polished_deepslate_from_cobbled_deepslate_stonecutting": {
    "criteria": {
      "has_cobbled_deepslate": "2024-06-21 03:48:17 +0000"
    },
    "done": true
  },
  "minecraft:recipes/building_blocks/cobbled_deepslate_slab_from_cobbled_deepslate_stonecutting": {
    "criteria": {
      "has_cobbled_deepslate": "2024-06-21 03:48:17 +0000"
    },
    "done": true
  },
  "minecraft:recipes/building_blocks/deepslate_tile_slab_from_cobbled_deepslate_stonecutting": {
    "criteria": {
      "has_cobbled_deepslate": "2024-06-21 03:48:17 +0000"
    },
    "done": true
  },
  "minecraft:recipes/decorations/deepslate_tile_wall_from_cobbled_deepslate_stonecutting": {
    "criteria": {
      "has_cobbled_deepslate": "2024-06-21 03:48:17 +0000"
    },
    "done": true
  },
  "minecraft:recipes/building_blocks/deepslate_brick_stairs_from_cobbled_deepslate_stonecutting": {
    "criteria": {
      "has_cobbled_deepslate": "2024-06-21 03:48:17 +0000"
    },
    "done": true
  },
  "minecraft:recipes/building_blocks/chiseled_deepslate_from_cobbled_deepslate_stonecutting": {
    "criteria": {
      "has_cobbled_deepslate": "2024-06-21 03:48:17 +0000"
    },
    "done": true
  },
  "minecraft:recipes/decorations/cobbled_deepslate_wall_from_cobbled_deepslate_stonecutting": {
    "criteria": {
      "has_cobbled_deepslate": "2024-06-21 03:48:17 +0000"
    },
    "done": true
  },
  "minecraft:recipes/decorations/cobbled_deepslate_wall": {
    "criteria": {
      "has_cobbled_deepslate": "2024-06-21 03:48:17 +0000"
    },
    "done": true
  },
  "minecraft:recipes/decorations/polished_deepslate_wall_from_cobbled_deepslate_stonecutting": {
    "criteria": {
      "has_cobbled_deepslate": "2024-06-21 03:48:17 +0000"
    },
    "done": true
  },
  "minecraft:recipes/building_blocks/cobbled_deepslate_stairs_from_cobbled_deepslate_stonecutting": {
    "criteria": {
      "has_cobbled_deepslate": "2024-06-21 03:48:17 +0000"
    },
    "done": true
  },
  "minecraft:recipes/building_blocks/deepslate": {
    "criteria": {
      "has_cobbled_deepslate": "2024-06-21 03:48:17 +0000"
    },
    "done": true
  },
  "minecraft:recipes/building_blocks/polished_deepslate_slab_from_cobbled_deepslate_stonecutting": {
    "criteria": {
      "has_cobbled_deepslate": "2024-06-21 03:48:17 +0000"
    },
    "done": true
  },
  "minecraft:recipes/building_blocks/deepslate_brick_slab_from_cobbled_deepslate_stonecutting": {
    "criteria": {
      "has_cobbled_deepslate": "2024-06-21 03:48:17 +0000"
    },
    "done": true
  },
  "minecraft:recipes/building_blocks/cobbled_deepslate_stairs": {
    "criteria": {
      "has_cobbled_deepslate": "2024-06-21 03:48:17 +0000"
    },
    "done": true
  },
  "minecraft:recipes/building_blocks/deepslate_bricks_from_cobbled_deepslate_stonecutting": {
    "criteria": {
      "has_cobbled_deepslate": "2024-06-21 03:48:17 +0000"
    },
    "done": true
  },
  "minecraft:recipes/building_blocks/deepslate_tiles_from_cobbled_deepslate_stonecutting": {
    "criteria": {
      "has_cobbled_deepslate": "2024-06-21 03:48:17 +0000"
    },
    "done": true
  },
  "minecraft:recipes/building_blocks/mossy_cobblestone_from_moss_block": {
    "criteria": {
      "has_moss_block": "2024-06-21 03:48:31 +0000"
    },
    "done": true
  },
  "minecraft:recipes/decorations/moss_carpet": {
    "criteria": {
      "has_moss_block": "2024-06-21 03:48:31 +0000"
    },
    "done": true
  },
  "minecraft:recipes/building_blocks/mossy_stone_bricks_from_moss_block": {
    "criteria": {
      "has_moss_block": "2024-06-21 03:48:31 +0000"
    },
    "done": true
  },
  "minecraft:recipes/combat/diamond_sword": {
    "criteria": {
      "has_diamond": "2024-06-21 03:50:41 +0000"
    },
    "done": true
  },
  "minecraft:recipes/decorations/jukebox": {
    "criteria": {
      "has_diamond": "2024-06-21 03:50:41 +0000"
    },
    "done": true
  },
  "minecraft:recipes/combat/diamond_chestplate": {
    "criteria": {
      "has_diamond": "2024-06-21 03:50:41 +0000"
    },
    "done": true
  },
  "minecraft:recipes/tools/diamond_pickaxe": {
    "criteria": {
      "has_diamond": "2024-06-21 03:50:41 +0000"
    },
    "done": true
  },
  "minecraft:recipes/tools/diamond_hoe": {
    "criteria": {
      "has_diamond": "2024-06-21 03:50:41 +0000"
    },
    "done": true
  },
  "minecraft:recipes/tools/diamond_shovel": {
    "criteria": {
      "has_diamond": "2024-06-21 03:50:41 +0000"
    },
    "done": true
  },
  "minecraft:recipes/combat/diamond_helmet": {
    "criteria": {
      "has_diamond": "2024-06-21 03:50:41 +0000"
    },
    "done": true
  },
  "minecraft:recipes/building_blocks/diamond_block": {
    "criteria": {
      "has_diamond": "2024-06-21 03:50:41 +0000"
    },
    "done": true
  },
  "minecraft:story/mine_diamond": {
    "criteria": {
      "diamond": "2024-06-21 03:50:41 +0000"
    },
    "done": true
  },
  "minecraft:recipes/combat/diamond_leggings": {
    "criteria": {
      "has_diamond": "2024-06-21 03:50:41 +0000"
    },
    "done": true
  },
  "aquaculture:recipes/tools/diamond_fillet_knife": {
    "criteria": {
      "has_items": "2024-06-21 03:50:41 +0000"
    },
    "done": true
  },
  "minecraft:recipes/combat/diamond_boots": {
    "criteria": {
      "has_diamond": "2024-06-21 03:50:41 +0000"
    },
    "done": true
  },
  "betterarcheology:recipes/recipe_diamond_brush": {
    "criteria": {
      "has_item": "2024-06-21 03:50:41 +0000"
    },
    "done": true
  },
  "minecraft:recipes/tools/diamond_axe": {
    "criteria": {
      "has_diamond": "2024-06-21 03:50:41 +0000"
    },
    "done": true
  },
  "sophisticatedstorage:recipes/misc/dark_oak_barrel": {
    "criteria": {
      "has_dark_oak_plank": "2024-06-21 03:53:23 +0000"
    },
    "done": true
  },
  "minecraft:recipes/building_blocks/dark_oak_stairs": {
    "criteria": {
      "has_planks": "2024-06-21 03:53:23 +0000"
    },
    "done": true
  },
  "sophisticatedstorage:recipes/misc/dark_oak_limited_barrel_2": {
    "criteria": {
      "has_dark_oak_plank": "2024-06-21 03:53:23 +0000"
    },
    "done": true
  },
  "sophisticatedstorage:recipes/misc/dark_oak_limited_barrel_1": {
    "criteria": {
      "has_dark_oak_plank": "2024-06-21 03:53:23 +0000"
    },
    "done": true
  },
  "sophisticatedstorage:recipes/misc/dark_oak_limited_barrel_4": {
    "criteria": {
      "has_dark_oak_plank": "2024-06-21 03:53:23 +0000"
    },
    "done": true
  },
  "sophisticatedstorage:recipes/misc/dark_oak_limited_barrel_3": {
    "criteria": {
      "has_dark_oak_plank": "2024-06-21 03:53:23 +0000"
    },
    "done": true
  },
  "minecraft:recipes/redstone/dark_oak_door": {
    "criteria": {
      "has_planks": "2024-06-21 03:53:23 +0000"
    },
    "done": true
  },
  "mcwbridges:recipes/dark_oak_log_bridge_middle": {
    "criteria": {
      "has_planks": "2024-06-21 03:53:23 +0000"
    },
    "done": true
  },
  "sophisticatedstorage:recipes/misc/dark_oak_chest": {
    "criteria": {
      "has_dark_oak_plank": "2024-06-21 03:53:23 +0000"
    },
    "done": true
  },
  "minecraft:recipes/decorations/dark_oak_sign": {
    "criteria": {
      "has_planks": "2024-06-21 03:53:23 +0000"
    },
    "done": true
  },
  "minecraft:recipes/redstone/dark_oak_fence_gate": {
    "criteria": {
      "has_planks": "2024-06-21 03:53:23 +0000"
    },
    "done": true
  },
  "minecraft:recipes/redstone/dark_oak_trapdoor": {
    "criteria": {
      "has_planks": "2024-06-21 03:53:23 +0000"
    },
    "done": true
  },
  "minecraft:recipes/redstone/dark_oak_button": {
    "criteria": {
      "has_planks": "2024-06-21 03:53:23 +0000"
    },
    "done": true
  },
  "minecraft:recipes/redstone/dark_oak_pressure_plate": {
    "criteria": {
      "has_planks": "2024-06-21 03:53:23 +0000"
    },
    "done": true
  },
  "minecraft:recipes/decorations/dark_oak_fence": {
    "criteria": {
      "has_planks": "2024-06-21 03:53:23 +0000"
    },
    "done": true
  },
  "minecraft:recipes/building_blocks/dark_oak_slab": {
    "criteria": {
      "has_planks": "2024-06-21 03:53:23 +0000"
    },
    "done": true
  },
  "mcwbridges:recipes/rope_dark_oak_bridge": {
    "criteria": {
      "has_planks": "2024-06-21 03:53:23 +0000"
    },
    "done": true
  },
  "mcwbridges:recipes/dark_oak_rail_bridge": {
    "criteria": {
      "has_planks": "2024-06-21 03:53:23 +0000"
    },
    "done": true
  },
  "mcwbridges:recipes/bridge_lantern": {
    "criteria": {
      "has_planks": "2024-06-21 03:53:30 +0000"
    },
    "done": true
  },
  "minecraft:recipes/building_blocks/coal_block": {
    "criteria": {
      "has_coal": "2024-06-21 03:53:30 +0000"
    },
    "done": true
  },
  "mcwlights:recipes/torches": {
    "criteria": {
      "has_wood": "2024-06-21 03:53:30 +0000"
    },
    "done": true
  },
  "minecraft:recipes/transportation/spruce_chest_boat": {
    "criteria": {
      "has_boat": "2024-06-21 03:54:05 +0000"
    },
    "done": true
  },
  "minecraft:recipes/transportation/jungle_chest_boat": {
    "criteria": {
      "has_boat": "2024-06-21 03:54:05 +0000"
    },
    "done": true
  },
  "minecraft:recipes/transportation/mangrove_chest_boat": {
    "criteria": {
      "has_boat": "2024-06-21 03:54:05 +0000"
    },
    "done": true
  },
  "minecraft:recipes/transportation/oak_chest_boat": {
    "criteria": {
      "has_boat": "2024-06-21 03:54:05 +0000"
    },
    "done": true
  },
  "deeperdarker:recipes/transportation/echo_chest_boat": {
    "criteria": {
      "has_boat": "2024-06-21 03:54:05 +0000"
    },
    "done": true
  },
  "minecraft:recipes/transportation/bamboo_chest_raft": {
    "criteria": {
      "has_boat": "2024-06-21 03:54:05 +0000"
    },
    "done": true
  },
  "minecraft:recipes/transportation/acacia_chest_boat": {
    "criteria": {
      "has_boat": "2024-06-21 03:54:05 +0000"
    },
    "done": true
  },
  "minecolonies:recipes/misc/supplychestdeployer": {
    "criteria": {
      "has_boat": "2024-06-21 03:54:05 +0000"
    },
    "done": true
  },
  "minecraft:recipes/transportation/cherry_chest_boat": {
    "criteria": {
      "has_boat": "2024-06-21 03:54:05 +0000"
    },
    "done": true
  },
  "minecraft:recipes/transportation/birch_chest_boat": {
    "criteria": {
      "has_boat": "2024-06-21 03:54:05 +0000"
    },
    "done": true
  },
  "minecraft:recipes/transportation/dark_oak_chest_boat": {
    "criteria": {
      "has_boat": "2024-06-21 03:54:05 +0000"
    },
    "done": true
  },
  "minecraft:recipes/building_blocks/oxidized_cut_copper_from_oxidized_copper_stonecutting": {
    "criteria": {
      "has_oxidized_copper": "2024-06-21 03:55:06 +0000"
    },
    "done": true
  },
  "minecraft:recipes/building_blocks/oxidized_cut_copper_slab_from_oxidized_copper_stonecutting": {
    "criteria": {
      "has_oxidized_copper": "2024-06-21 03:55:06 +0000"
    },
    "done": true
  },
  "minecraft:recipes/building_blocks/oxidized_cut_copper_stairs_from_oxidized_copper_stonecutting": {
    "criteria": {
      "has_oxidized_copper": "2024-06-21 03:55:06 +0000"
    },
    "done": true
  },
  "minecraft:recipes/building_blocks/oxidized_cut_copper": {
    "criteria": {
      "has_oxidized_copper": "2024-06-21 03:55:06 +0000"
    },
    "done": true
  },
  "minecraft:recipes/building_blocks/waxed_oxidized_copper_from_honeycomb": {
    "criteria": {
      "has_oxidized_copper": "2024-06-21 03:55:06 +0000"
    },
    "done": true
  },
  "minecraft:recipes/food/dried_kelp_from_smoking": {
    "criteria": {
      "has_kelp": "2024-06-21 03:56:37 +0000"
    },
    "done": true
  },
  "aquaculture:recipes/aquaculture/tackle_box": {
    "criteria": {
      "has_items": "2024-06-21 03:56:37 +0000"
    },
    "done": true
  },
  "minecraft:recipes/food/dried_kelp_from_smelting": {
    "criteria": {
      "has_kelp": "2024-06-21 03:56:37 +0000"
    },
    "done": true
  },
  "minecraft:recipes/food/dried_kelp_from_campfire_cooking": {
    "criteria": {
      "has_kelp": "2024-06-21 03:56:37 +0000"
    },
    "done": true
  },
  "sophisticatedbackpacks:recipes/misc/copper_backpack": {
    "criteria": {
      "has_backpack": "2024-06-21 03:58:36 +0000"
    },
    "done": true
  },
  "sophisticatedbackpacks:recipes/misc/iron_backpack": {
    "criteria": {
      "has_backpack": "2024-06-21 03:58:36 +0000"
    },
    "done": true
  },
  "alexsmobs:alexsmobs/seagull_steal": {
    "criteria": {
      "ex": "2024-06-21 04:01:07 +0000"
    },
    "done": true
  },
  "blue_skies:recipes/food/cooked_horizofin_tunid_from_smoking_horizofin_tunid": {
    "criteria": {
      "has_item": "2024-06-21 04:04:58 +0000"
    },
    "done": true
  },
  "blue_skies:recipes/food/cooked_horizofin_tunid_from_campfire_cooking_horizofin_tunid": {
    "criteria": {
      "has_item": "2024-06-21 04:04:58 +0000"
    },
    "done": true
  },
  "blue_skies:recipes/food/cooked_horizofin_tunid_from_smelting_horizofin_tunid": {
    "criteria": {
      "has_item": "2024-06-21 04:04:58 +0000"
    },
    "done": true
  },
  "minecraft:story/shiny_gear": {
    "criteria": {
      "diamond_leggings": "2024-06-21 04:05:49 +0000"
    },
    "done": true
  },
  "minecraft:recipes/misc/raw_gold": {
    "criteria": {
      "has_raw_gold_block": "2024-06-21 04:08:04 +0000"
    },
    "done": true
  },
  "minecraft:recipes/building_blocks/oak_planks": {
    "criteria": {
      "has_logs": "2024-06-21 04:12:40 +0000"
    },
    "done": true
  },
  "minecraft:recipes/building_blocks/oak_wood": {
    "criteria": {
      "has_log": "2024-06-21 04:12:40 +0000"
    },
    "done": true
  },
  "mcwbridges:recipes/oak_bridge_pier": {
    "criteria": {
      "has_planks": "2024-06-21 04:12:40 +0000"
    },
    "done": true
  },
  "mcwdoors:recipes/oak": {
    "criteria": {
      "has_wood": "2024-06-21 04:12:40 +0000"
    },
    "done": true
  },
  "minecolonies:recipes/misc/supplycampdeployer": {
    "criteria": {
      "has_chest": "2024-06-21 04:13:12 +0000"
    },
    "done": true
  },
  "sophisticatedstorage:recipes/misc/oak_chest_from_vanilla_chest": {
    "criteria": {
      "has_vanilla_chest": "2024-06-21 04:13:12 +0000"
    },
    "done": true
  },
  "chococraft:recipes/misc/chocobo_saddle_alt": {
    "criteria": {
      "has_the_recipe": "2024-06-21 04:20:08 +0000"
    },
    "done": true
  },
  "alexsmobs:alexsmobs/banana_slug": {
    "criteria": {
      "killed": "2024-06-21 04:21:52 +0000"
    },
    "done": true
  },
  "blue_skies:recipes/combat/bluebright_spear": {
    "criteria": {
      "has_item": "2024-06-21 04:26:51 +0000"
    },
    "done": true
  },
  "blue_skies:recipes/combat/maple_spear": {
    "criteria": {
      "has_item": "2024-06-21 04:26:51 +0000"
    },
    "done": true
  },
  "chococraft:recipes/misc/choco_disguise_leggings": {
    "criteria": {
      "has_chocobo_feather": "2024-06-21 04:27:03 +0000"
    },
    "done": true
  },
  "blue_skies:recipes/combat/frostbright_spear": {
    "criteria": {
      "has_item": "2024-06-21 04:26:51 +0000"
    },
    "done": true
  },
  "blue_skies:recipes/combat/lunar_spear": {
    "criteria": {
      "has_item": "2024-06-21 04:26:51 +0000"
    },
    "done": true
  },
  "blue_skies:recipes/redstone/moonstone_pressure_plate": {
    "criteria": {
      "has_item": "2024-06-21 04:26:51 +0000"
    },
    "done": true
  },
  "blue_skies:recipes/misc/moonstone_from_shard": {
    "criteria": {
      "has_item": "2024-06-21 04:26:51 +0000"
    },
    "done": true
  },
  "blue_skies:recipes/combat/dusk_spear": {
    "criteria": {
      "has_item": "2024-06-21 04:26:51 +0000"
    },
    "done": true
  },
  "chococraft:recipes/misc/chocobo_saddle": {
    "criteria": {
      "has_chocobo_feather": "2024-06-21 04:27:03 +0000"
    },
    "done": true
  },
  "aquamirae:adventure/root": {
    "criteria": {
      "crafting_table": "2024-06-21 04:27:05 +0000"
    },
    "done": true
  },
  "blue_skies:recipes/combat/starlit_spear": {
    "criteria": {
      "has_item": "2024-06-21 04:26:51 +0000"
    },
    "done": true
  },
  "blue_skies:recipes/combat/comet_spear": {
    "criteria": {
      "has_item": "2024-06-21 04:26:51 +0000"
    },
    "done": true
  },
  "blue_skies:get_moonstone_shard": {
    "criteria": {
      "obtain_moonstone_shard": "2024-06-21 04:26:51 +0000"
    },
    "done": true
  },
  "chococraft:recipes/misc/choco_disguise_boots": {
    "criteria": {
      "has_chocobo_feather": "2024-06-21 04:27:03 +0000"
    },
    "done": true
  },
  "minecraft:recipes/misc/yellow_dye_from_dandelion": {
    "criteria": {
      "has_dandelion": "2024-06-21 04:27:37 +0000"
    },
    "done": true
  },
  "chococraft:recipes/misc/choco_disguise_chestplate": {
    "criteria": {
      "has_chocobo_feather": "2024-06-21 04:27:03 +0000"
    },
    "done": true
  },
  "chococraft:recipes/misc/chocobo_whistle": {
    "criteria": {
      "has_chocobo_feather": "2024-06-21 04:27:03 +0000"
    },
    "done": true
  },
  "blue_skies:recipes/tools/zeal_lighter": {
    "criteria": {
      "has_item": "2024-06-21 04:26:51 +0000"
    },
    "done": true
  },
  "chococraft:recipes/misc/choco_disguise_helmet": {
    "criteria": {
      "has_chocobo_feather": "2024-06-21 04:27:03 +0000"
    },
    "done": true
  },
  "chococraft:recipes/misc/chocobo_saddle_bags": {
    "criteria": {
      "has_chocobo_feather": "2024-06-21 04:27:03 +0000"
    },
    "done": true
  },
  "minecraft:story/root": {
    "criteria": {
      "crafting_table": "2024-06-21 04:27:05 +0000"
    },
    "done": true
  },
  "DataVersion": 3465
}