{
	"level_seeds": [
		{
			"dim": "minecraft:the_nether",
			"seed": -4316160315900460109
		},
		{
			"dim": "blue_skies:everbright",
			"seed": -4316160315900460109
		},
		{
			"dim": "blue_skies:everdawn",
			"seed": -4316160315900460109
		},
		{
			"dim": "minecraft:the_end",
			"seed": -4316160315900460109
		},
		{
			"dim": "mmorpg:dungeon",
			"seed": -4316160315900460109
		},
		{
			"dim": "deeperdarker:otherside",
			"seed": -4316160315900460109
		},
		{
			"dim": "minecraft:overworld",
			"seed": -4316160315900460109
		}
	],
	"structure_seeds": [
		{
			"dim": "minecraft:the_nether",
			"seed": -4316160315900460109
		},
		{
			"dim": "blue_skies:everbright",
			"seed": -4316160315900460109
		},
		{
			"dim": "blue_skies:everdawn",
			"seed": -4316160315900460109
		},
		{
			"dim": "minecraft:the_end",
			"seed": -4316160315900460109
		},
		{
			"dim": "mmorpg:dungeon",
			"seed": -4316160315900460109
		},
		{
			"dim": "deeperdarker:otherside",
			"seed": -4316160315900460109
		},
		{
			"dim": "minecraft:overworld",
			"seed": -4316160315900460109
		}
	]
}